i271ta-fg, 1, 0
i037qb-fn, 1, 0
i267vb-mn, 1, 0
i240va-mn, 1, 0
i424xb-fn, 1, 0
i209va-fn, 1, 0
i083qe-mn, 1, 0
i620zb-fn, 1, 0
i221uc-fg, 1, 0
i201ve-m1, 1, 0
i210vc-fn, 1, 0
i244vb-mn, 1, 0
i431we-fn, 1, 0
i259tb-mn, 1, 0
i032qc-fn, 1, 0
i254tb-mn, 1, 0
i276va-mn, 1, 0
i283vb-fn, 1, 0
i435xe-fn, 1, 0
i007qc-fn, 1, 0
i290ta-mn, 1, 0
i298td-fn, 1, 0
i424we-fn, 1, 0
i073qe-mg, 1, 0
i073qb-mg, 1, 0
i291tc-fg, 1, 0
i007sa-fn, 1, 0
i249vb-fn, 1, 0
i244ue-mn, 1, 0
i213uc-fn, 1, 0
i008rc-mn, 1, 0
i267ua-mn, 1, 0
i216tb-fn, 1, 0
i432xb-fn, 1, 0
i411xb-fn, 1, 0
i249tb-fn, 1, 0
i303ve-fg, 1, 0
i277vb-mg, 1, 0
i289tb-mg, 1, 0
i268vd-mn, 1, 0
i413xa-fn, 1, 0
i223ue-mn, 1, 0
i622ya-mn, 1, 0
i306tb-fg, 1, 0
i012se-mn, 1, 0
i272vb-fg, 1, 0
i211te-fn, 1, 0
i232vd-mn, 1, 0
i432we-fn, 1, 0
i612yb-fn, 1, 0
i613ze-fg, 1, 0
i011sc-mn, 1, 0
i280vb-mn, 1, 0
i060re-mn, 1, 0
i019sc-fn, 1, 0
i088sb-fn, 1, 0
i264tc-mn, 1, 0
i269vd-mn, 1, 0
i201te-mg, 1, 0
i231ud-mn, 1, 0
i622zb-mn, 1, 0
i422xd-fn, 1, 0
i430wd-fn, 1, 0
i429xe-fn, 1, 0
i290vb-mn, 1, 0
i214vb-fn, 1, 0
i287te-mn, 1, 0
i276vc-mn, 1, 0
i443xb-mn, 1, 0
i437wb-fn, 1, 0
i014rb-fn, 1, 0
i278td-mn, 1, 0
i294ue-mg, 1, 0
i234ua-mg, 1, 0
i041qd-mn, 1, 0
i423wd-mn, 1, 0
i219vc-mn, 1, 0
i618ya-fg, 1, 0
i439wc-mn, 1, 0
i003qd-fn, 1, 0
i620ye-fn, 1, 0
i406wc-mn, 1, 0
i061qe-fn, 1, 0
i079se-mn, 1, 0
i306vb-fg, 1, 0
i241ub-mn, 1, 0
i287tc-mn, 1, 0
i424xd-fn, 1, 0
i250vb-mn, 1, 0
i616yd-fn, 1, 0
i292te-fn, 1, 0
i294va-mg, 1, 0
i229vd-mn, 1, 0
i297vd-mn, 1, 0
i037se-fn, 1, 0
i035sa-mn, 1, 0
i088rc-fn, 1, 0
i083se-mn, 1, 0
i244vd-mn, 1, 0
i615ya-fn, 1, 0
i204vc-mn, 1, 0
i005qb-fn, 1, 0
i206td-mn, 1, 0
i215ud-mg, 1, 0
i271td-fg, 1, 0
i278ve-mn, 1, 0
i423xd-mn, 1, 0
i053rb-fg, 1, 0
i297va-mn, 1, 0
i614yb-fn, 1, 0
i427wb-fn, 1, 0
i071sa-fn, 1, 0
i068rd-mn, 1, 0
i241va-mn, 1, 0
i610zc-fn, 1, 0
i281td-fn, 1, 0
i419xe-mn, 1, 0
i621ya-fn, 1, 0
i244ta-mn, 1, 0
i301va-fg, 1, 0
i273ub-mn, 1, 0
i056ra-mn, 1, 0
i021rd-fn, 1, 0
i069rb-fg, 1, 0
i443xe-mn, 1, 0
i053qe-fg, 1, 0
i057qa-fn, 1, 0
i254vb-mn, 1, 0
i201tb-mg, 1, 0
i230vd-mn, 1, 0
i023rc-fn, 1, 0
i421we-fn, 1, 0
i219vb-mn, 1, 0
i267tb-mn, 1, 0
i050se-fg, 1, 0
i600ye-fn, 1, 0
i052ra-mn, 1, 0
i252te-fn, 1, 0
i294te-mg, 1, 0
i610yd-fn, 1, 0
i039sb-fn, 1, 0
i069qd-fg, 1, 0
i010sa-mn, 1, 0
i281te-fn, 1, 0
i434wb-fn, 1, 0
i235tb-fn, 1, 0
i247ud-fn, 1, 0
i413wb-fn, 1, 0
i266vc-fn, 1, 0
i023re-fn, 1, 0
i219ta-mn, 1, 0
i414xd-mn, 1, 0
i224ue-mn, 1, 0
i057re-fn, 1, 0
i444xa-fn, 1, 0
i213ua-fn, 1, 0
i063sc-fn, 1, 0
i067sa-fn, 1, 0
i034sc-mg, 1, 0
i451wc-mg, 1, 0
i040qd-mn, 1, 0
i051rb-fn, 1, 0
i251vb-mn, 1, 0
i045qd-mn, 1, 0
i236vb-fn, 1, 0
i039qc-fn, 1, 0
i040qa-mn, 1, 0
i089sd-mn, 1, 0
i066sc-mn, 1, 0
i052qa-mn, 1, 0
i034se-mg, 1, 0
i276ub-mn, 1, 0
i045rb-mn, 1, 0
i066re-mn, 1, 0
i205va-mn, 1, 0
i290ub-mn, 1, 0
i284ue-fg, 1, 0
i044sb-mn, 1, 0
i034re-mg, 1, 0
i238te-mn, 1, 0
i231ta-mn, 1, 0
i064qa-mn, 1, 0
i076qb-fn, 1, 0
i606ye-fn, 1, 0
i084se-mn, 1, 0
i211ta-fn, 1, 0
i300tc-fn, 1, 0
i287ue-mn, 1, 0
i264td-mn, 1, 0
i081rc-mn, 1, 0
i235uc-fn, 1, 0
i203vd-mn, 1, 0
i449we-fn, 1, 0
i420wb-mn, 1, 0
i221ub-fg, 1, 0
i446wa-fn, 1, 0
i017sb-mg, 1, 0
i607za-fn, 1, 0
i607yc-fn, 1, 0
i264ua-mn, 1, 0
i244te-mn, 1, 0
i437xb-fn, 1, 0
i419xb-mn, 1, 0
i204td-mn, 1, 0
i006qa-mn, 1, 0
i051qd-fn, 1, 0
i606ya-fn, 1, 0
i216tc-fn, 1, 0
i446xe-fn, 1, 0
i206ud-mn, 1, 0
i059qa-mg, 1, 0
i434xc-fn, 1, 0
i304ue-fg, 1, 0
i605ze-fn, 1, 0
i609zd-fg, 1, 0
i037rd-fn, 1, 0
i270vb-mn, 1, 0
i264va-mn, 1, 0
i229va-mn, 1, 0
i272tb-fg, 1, 0
i051rd-fn, 1, 0
i051ra-fn, 1, 0
i422wa-fn, 1, 0
i066rb-mn, 1, 0
i057sc-fn, 1, 0
i040sc-mn, 1, 0
i070sa-mn, 1, 0
i085qa-mg, 1, 0
i204tc-mn, 1, 0
i417wc-mn, 1, 0
i005rb-fn, 1, 0
i223te-mn, 1, 0
i068sa-mn, 1, 0
i232td-mn, 1, 0
i447xc-fn, 1, 0
i212va-fn, 1, 0
i222tb-fn, 1, 0
i016sd-mn, 1, 0
i284ve-fg, 1, 0
i042rc-fn, 1, 0
i300uc-fn, 1, 0
i257ua-mn, 1, 0
i058rd-mn, 1, 0
i283vd-fn, 1, 0
i305uc-fg, 1, 0
i210ud-fn, 1, 0
i007rc-fn, 1, 0
i447we-fn, 1, 0
i425xd-mn, 1, 0
i226va-fg, 1, 0
i284td-fg, 1, 0
i408xa-mn, 1, 0
i051qa-fn, 1, 0
i029ra-fg, 1, 0
i414xb-mn, 1, 0
i222te-fn, 1, 0
i254vc-mn, 1, 0
i240vb-mn, 1, 0
i001sa-mn, 1, 0
i238vd-mn, 1, 0
i297ua-mn, 1, 0
i608za-fn, 1, 0
i251vc-mn, 1, 0
i266td-fn, 1, 0
i249ua-fn, 1, 0
i261vc-mn, 1, 0
i050qa-fg, 1, 0
i045sb-mn, 1, 0
i281tb-fn, 1, 0
i228vb-mg, 1, 0
i025rb-mn, 1, 0
i214ua-fn, 1, 0
i062qe-fn, 1, 0
i219td-mn, 1, 0
i281vc-fn, 1, 0
i242te-mn, 1, 0
i228td-mg, 1, 0
i022sd-fn, 1, 0
i301vc-fg, 1, 0
i210td-fn, 1, 0
i023se-fn, 1, 0
i604za-fn, 1, 0
i061rc-fn, 1, 0
i009sd-mn, 1, 0
i081ra-mn, 1, 0
i291vc-fg, 1, 0
i441wa-fn, 1, 0
i062sa-fn, 1, 0
i064re-mn, 1, 0
i017sa-mg, 1, 0
i008sd-mn, 1, 0
i613yb-fg, 1, 0
i087qb-fn, 1, 0
i445wa-mg, 1, 0
i004rb-mn, 1, 0
i414wd-mn, 1, 0
i302tb-fn, 1, 0
i033sb-fn, 1, 0
i035rb-mn, 1, 0
i428xd-fn, 1, 0
i616yc-fn, 1, 0
i264uc-mn, 1, 0
i089sc-mn, 1, 0
i282td-fn, 1, 0
i288va-mn, 1, 0
i276uc-mn, 1, 0
i417xc-mn, 1, 0
i236ta-fn, 1, 0
i033sc-fn, 1, 0
i039rc-fn, 1, 0
i293ub-fn, 1, 0
i203tb-mn, 1, 0
i305vd-fg, 1, 0
i039qb-fn, 1, 0
i620zc-fn, 1, 0
i233vc-fn, 1, 0
i266tc-fn, 1, 0
i437wa-fn, 1, 0
i296vb-mg, 1, 0
i032rd-fn, 1, 0
i013sa-fn, 1, 0
i086se-fn, 1, 0
i449wd-fn, 1, 0
i039ra-fn, 1, 0
i300vd-fn, 1, 0
i290vc-mn, 1, 0
i040qc-mn, 1, 0
i077re-fn, 1, 0
i260ta-mn, 1, 0
i226vc-fg, 1, 0
i280te-mn, 1, 0
i240ua-mn, 1, 0
i439wb-mn, 1, 0
i090qe-mn, 1, 0
i054sb-mg, 1, 0
i307ue-mg, 1, 0
i262tc-fn, 1, 0
i307te-mg, 1, 0
i279uc-fn, 1, 0
i409wb-fg, 1, 0
i220te-fn, 1, 0
i277ve-mg, 1, 0
i030qa-fg, 1, 0
i231tb-mn, 1, 0
i448wb-fn, 1, 0
i270ta-mn, 1, 0
i048rc-mn, 1, 0
i085qc-mg, 1, 0
i267ve-mn, 1, 0
i263vd-mn, 1, 0
i241tb-mn, 1, 0
i022rb-fn, 1, 0
i294td-mg, 0, 0
i001qa-mn, 1, 0
i010qd-mn, 1, 0
i270va-mn, 1, 0
i086re-fn, 1, 0
i223vc-mn, 1, 0
i264ud-mn, 1, 0
i029se-fg, 1, 0
i086rc-fn, 1, 0
i089re-mn, 1, 0
i281ve-fn, 1, 0
i412we-mn, 1, 0
i205vd-mn, 1, 0
i036sc-mg, 1, 0
i079sc-mn, 1, 0
i236ve-fn, 1, 0
i242ta-mn, 1, 0
i018rd-fn, 1, 0
i078qd-fg, 1, 0
i400wd-mn, 1, 0
i259ub-mn, 1, 0
i226td-fg, 1, 0
i605yd-fn, 1, 0
i066rc-mn, 1, 0
i020sc-fg, 1, 0
i067qc-fn, 1, 0
i227ua-mn, 1, 0
i017rb-mg, 1, 0
i257ub-mn, 1, 0
i611zd-fn, 1, 0
i290td-mn, 1, 0
i204ua-mn, 1, 0
i440wd-mg, 1, 0
i065sc-fn, 1, 0
i225vb-mn, 1, 0
i058sa-mn, 1, 0
i234va-mg, 1, 0
i216ud-fn, 1, 0
i433xb-fn, 1, 0
i010rc-mn, 1, 0
i284ub-fg, 1, 0
i278ud-mn, 1, 0
i281uc-fn, 1, 0
i069qc-fg, 1, 0
i044qd-mn, 1, 0
i261tb-mn, 1, 0
i294vc-mg, 1, 0
i200vb-mg, 1, 0
i072rb-fn, 1, 0
i273vb-mn, 1, 0
i288te-mn, 1, 0
i014sc-fn, 1, 0
i008sb-mn, 1, 0
i269vc-mn, 1, 0
i081re-mn, 1, 0
i052sd-mn, 1, 0
i275td-fg, 1, 0
i052sc-mn, 1, 0
i051qb-fn, 1, 0
i239te-mn, 1, 0
i011sb-mn, 1, 0
i623za-mn, 1, 0
i063qd-fn, 1, 0
i284vd-fg, 1, 0
i252ta-fn, 1, 0
i053se-fg, 1, 0
i240ub-mn, 1, 0
i438xa-mn, 1, 0
i205td-mn, 1, 0
i260va-mn, 1, 0
i273ve-mn, 1, 0
i028qb-mg, 1, 0
i291tb-fg, 1, 0
i079qe-mn, 1, 0
i003qe-fn, 1, 0
i253vc-mg, 1, 0
i406wa-mn, 1, 0
i080rd-fn, 1, 0
i249ub-fn, 1, 0
i002rd-mn, 1, 0
i033qe-fn, 1, 0
i206ub-mn, 1, 0
i200ta-mg, 1, 0
i624ya-fn, 1, 0
i622yd-mn, 1, 0
i442wc-mn, 1, 0
i279vd-fn, 1, 0
i211ub-fn, 1, 0
i243vb-mn, 1, 0
i049sa-mn, 1, 0
i204ub-mn, 1, 0
i200va-mg, 1, 0
i252tb-fn, 1, 0
i279tb-fn, 1, 0
i307tc-mg, 1, 0
i409xc-fg, 0, 0
i250ue-mn, 1, 0
i262td-fn, 1, 0
i250td-mn, 1, 0
i444wc-fn, 1, 0
i241ve-mn, 1, 0
i000rc-fn, 1, 0
i426xb-fn, 1, 0
i253ta-mg, 1, 0
i031ra-fn, 1, 0
i046qa-fn, 1, 0
i005sb-fn, 1, 0
i203va-mn, 1, 0
i272tc-fg, 1, 0
i404xa-fn, 1, 0
i610ya-fn, 1, 0
i059sd-mg, 1, 0
i230vb-mn, 1, 0
i436xc-mn, 1, 0
i202ub-fn, 1, 0
i419wd-mn, 1, 0
i211ue-fn, 1, 0
i087sc-fn, 1, 0
i232ve-mn, 1, 0
i039sc-fn, 1, 0
i252tc-fn, 1, 0
i280ta-mn, 1, 0
i294vd-mg, 0, 0
i202ta-fn, 1, 0
i052re-mn, 1, 0
i285vd-fn, 1, 0
i300va-fn, 1, 0
i076sc-fn, 1, 0
i027ra-mn, 1, 0
i410xd-fn, 1, 0
i295tc-mg, 1, 0
i211ve-fn, 1, 0
i275tc-fg, 1, 0
i415xc-fn, 1, 0
i218ta-fn, 1, 0
i045re-mn, 1, 0
i074ra-fn, 1, 0
i204tb-mn, 1, 0
i004rd-mn, 1, 0
i422we-fn, 1, 0
i230vc-mn, 1, 0
i061sc-fn, 1, 0
i446xc-fn, 1, 0
i090ra-mn, 1, 0
i021ra-fn, 1, 0
i016se-mn, 1, 0
i288vc-mn, 1, 0
i276td-mn, 1, 0
i024sa-fn, 1, 0
i204ta-mn, 1, 0
i219ub-mn, 1, 0
i410xb-fn, 1, 0
i212ve-fn, 1, 0
i078qe-fg, 1, 0
i009sa-mn, 1, 0
i252ue-fn, 1, 0
i307ub-mg, 1, 0
i405wa-fn, 1, 0
i269vb-mn, 1, 0
i000se-fn, 1, 0
i409xd-fg, 1, 0
i058qb-mn, 1, 0
i016rd-mn, 1, 0
i016qa-mn, 1, 0
i075sb-mn, 1, 0
i015qb-mn, 1, 0
i226vd-fg, 1, 0
i605zc-fn, 1, 0
i269ud-mn, 1, 0
i297tc-mn, 1, 0
i417xd-mn, 1, 0
i287ta-mn, 1, 0
i063rc-fn, 1, 0
i280tc-mn, 1, 0
i306te-fg, 1, 0
i242ue-mn, 1, 0
i439wd-mn, 1, 0
i202ua-fn, 1, 0
i010qb-mn, 1, 0
i226vb-fg, 1, 0
i089sb-mn, 1, 0
i254ub-mn, 1, 0
i413wa-fn, 1, 0
i258tc-mn, 1, 0
i242ua-mn, 1, 0
i207va-fn, 1, 0
i608yc-fn, 1, 0
i431xe-fn, 1, 0
i271vc-fg, 1, 0
i086rd-fn, 1, 0
i279ve-fn, 1, 0
i266ub-fn, 1, 0
i090qa-mn, 1, 0
i019se-fn, 1, 0
i203ub-mn, 1, 0
i057sd-fn, 1, 0
i247tc-fn, 1, 0
i234te-mg, 1, 0
i620za-fn, 1, 0
i273vc-mn, 1, 0
i306ve-fg, 1, 0
i302ve-fn, 1, 0
i238uc-mn, 1, 0
i004re-mn, 1, 0
i010re-mn, 1, 0
i226uc-fg, 1, 0
i446wd-fn, 1, 0
i284te-fg, 1, 0
i071rb-fn, 1, 0
i279ua-fn, 1, 0
i227ue-mn, 1, 0
i049rc-mn, 1, 0
i257ud-mn, 1, 0
i303ue-fg, 1, 0
i205vc-mn, 1, 0
i257ve-mn, 1, 0
i240te-mn, 1, 0
i225ue-mn, 1, 0
i411xd-fn, 1, 0
i071se-fn, 1, 0
i003sa-fn, 1, 0
i030sa-fg, 1, 0
i070sc-mn, 1, 0
i401we-fn, 1, 0
i047rc-mn, 1, 0
i415xb-fn, 1, 0
i033sd-fn, 1, 0
i303uc-fg, 1, 0
i067sc-fn, 1, 0
i069sc-fg, 1, 0
i417xb-mn, 1, 0
i305tb-fg, 1, 0
i430wc-fn, 1, 0
i257ue-mn, 1, 0
i228uc-mg, 1, 0
i253td-mg, 1, 0
i258vb-mn, 1, 0
i231td-mn, 1, 0
i224ub-mn, 1, 0
i044ra-mn, 1, 0
i451wa-mg, 1, 0
i209vd-fn, 1, 0
i026qc-fn, 1, 0
i431xa-fn, 1, 0
i450wd-mn, 1, 0
i204va-mn, 1, 0
i009ra-mn, 1, 0
i019rb-fn, 1, 0
i007re-fn, 1, 0
i013qe-fn, 1, 0
i065sb-fn, 1, 0
i080qe-fn, 1, 0
i028sc-mg, 1, 0
i017rc-mg, 1, 0
i008se-mn, 1, 0
i062sd-fn, 1, 0
i083rd-mn, 1, 0
i217ub-fn, 1, 0
i301ta-fg, 1, 0
i066qb-mn, 1, 0
i614yc-fn, 1, 0
i613zc-fg, 1, 0
i045rd-mn, 1, 0
i012re-mn, 1, 0
i246vd-mg, 1, 0
i277td-mg, 1, 0
i224va-mn, 1, 0
i623zd-mn, 1, 0
i275ve-fg, 1, 0
i046rd-fn, 1, 0
i266vd-fn, 1, 0
i450xc-mn, 1, 0
i083rc-mn, 1, 0
i621zb-fn, 1, 0
i609ya-fg, 1, 0
i089sa-mn, 1, 0
i408xc-mn, 1, 0
i305vc-fg, 1, 0
i225ve-mn, 1, 0
i220ua-fn, 1, 0
i425wd-mn, 1, 0
i428wb-fn, 1, 0
i238vb-mn, 1, 0
i247vc-fn, 1, 0
i064se-mn, 1, 0
i279ue-fn, 1, 0
i222vb-fn, 1, 0
i012qc-mn, 1, 0
i045qe-mn, 1, 0
i436wd-mn, 1, 0
i287ve-mn, 1, 0
i605yb-fn, 1, 0
i262tb-fn, 1, 0
i256ue-mn, 1, 0
i207ta-fn, 1, 0
i238ud-mn, 1, 0
i236vd-fn, 1, 0
i087rc-fn, 1, 0
i258vc-mn, 1, 0
i224vb-mn, 1, 0
i202ue-fn, 1, 0
i208ue-fn, 1, 0
i212vd-fn, 1, 0
i273va-mn, 1, 0
i004qc-mn, 1, 0
i619zd-fg, 1, 0
i606za-fn, 1, 0
i003sb-fn, 1, 0
i268ud-mn, 1, 0
i258ve-mn, 1, 0
i009qd-mn, 1, 0
i289tc-mg, 1, 0
i275ua-fg, 1, 0
i613zd-fg, 1, 0
i014rc-fn, 1, 0
i258ua-mn, 1, 0
i041sb-mn, 1, 0
i282ub-fn, 1, 0
i075qc-mn, 1, 0
i446xa-fn, 1, 0
i057rb-fn, 1, 0
i226te-fg, 1, 0
i272vc-fg, 1, 0
i302tc-fn, 1, 0
i054qc-mg, 1, 0
i071rd-fn, 1, 0
i271ue-fg, 1, 0
i039re-fn, 1, 0
i080sd-fn, 1, 0
i071qb-fn, 1, 0
i046ra-fn, 1, 0
i601zb-fn, 1, 0
i251ve-mn, 1, 0
i251td-mn, 1, 0
i303ua-fg, 1, 0
i221ve-fg, 1, 0
i014qa-fn, 1, 0
i075ra-mn, 1, 0
i056qa-mn, 1, 0
i277ua-mg, 1, 0
i210ub-fn, 1, 0
i622yb-mn, 1, 0
i291ue-fg, 1, 0
i083ra-mn, 1, 0
i051sb-fn, 1, 0
i241vc-mn, 1, 0
i269ue-mn, 1, 0
i043qc-mn, 1, 0
i261te-mn, 1, 0
i060qe-mn, 1, 0
i229tb-mn, 1, 0
i424wd-fn, 1, 0
i068qa-mn, 1, 0
i267tc-mn, 1, 0
i204vb-mn, 1, 0
i257td-mn, 1, 0
i422wc-fn, 1, 0
i044rb-mn, 1, 0
i222va-fn, 1, 0
i299ub-mn, 1, 0
i025se-mn, 1, 0
i274va-mn, 1, 0
i071re-fn, 1, 0
i222vc-fn, 1, 0
i300ud-fn, 1, 0
i013rb-fn, 1, 0
i077sa-fn, 1, 0
i263ua-mn, 1, 0
i428wc-fn, 1, 0
i223tb-mn, 1, 0
i271ub-fg, 1, 0
i072se-fn, 1, 0
i286vd-fn, 1, 0
i281va-fn, 1, 0
i245vb-fn, 1, 0
i421xa-fn, 1, 0
i077se-fn, 1, 0
i600zb-fn, 1, 0
i254te-mn, 1, 0
i050rc-fg, 1, 0
i403xd-fn, 1, 0
i300ub-fn, 1, 0
i277vd-mg, 1, 0
i047qa-mn, 1, 0
i451xe-mg, 1, 0
i211va-fn, 1, 0
i214ve-fn, 1, 0
i290tb-mn, 1, 0
i020rc-fg, 1, 0
i277te-mg, 1, 0
i420xd-mn, 1, 0
i248uc-fn, 1, 0
i000qd-fn, 1, 0
i060rb-mn, 1, 0
i081qe-mn, 1, 0
i048sd-mn, 1, 0
i046sc-fn, 1, 0
i030rd-fg, 1, 0
i295ub-mg, 1, 0
i017re-mg, 1, 0
i214uc-fn, 1, 0
i223vd-mn, 1, 0
i616ze-fn, 1, 0
i268vc-mn, 1, 0
i070qe-mn, 1, 0
i075sc-mn, 1, 0
i274ue-mn, 1, 0
i217tc-fn, 1, 0
i244vc-mn, 1, 0
i009qc-mn, 1, 0
i278vb-mn, 1, 0
i262te-fn, 1, 0
i024qa-fn, 1, 0
i263vc-mn, 1, 0
i031qd-fn, 1, 0
i214te-fn, 1, 0
i220ue-fn, 1, 0
i614zb-fn, 1, 0
i066qa-mn, 1, 0
i052rc-mn, 1, 0
i201td-mg, 1, 0
i413wd-fn, 1, 0
i401xc-fn, 1, 0
i296uc-mg, 1, 0
i262vc-fn, 1, 0
i021qb-fn, 1, 0
i071sb-fn, 1, 0
i228va-mg, 1, 0
i055qe-mn, 1, 0
i069re-fg, 1, 0
i002sb-mn, 1, 0
i303vc-fg, 1, 0
i266vb-fn, 1, 0
i208ta-fn, 1, 0
i287ud-mn, 1, 0
i421wa-fn, 1, 0
i601ya-fn, 1, 0
i250tb-mn, 1, 0
i036sa-mg, 1, 0
i232tb-mn, 1, 0
i090sd-mn, 1, 0
i438wb-mn, 1, 0
i043re-mn, 1, 0
i284vc-fg, 1, 0
i084sc-mn, 1, 0
i007qa-fn, 1, 0
i606zb-fn, 1, 0
i267uc-mn, 1, 0
i077rd-fn, 1, 0
i233tc-fn, 1, 0
i021qa-fn, 1, 0
i221td-fg, 1, 0
i288tb-mn, 1, 0
i019sd-fn, 1, 0
i083qa-mn, 1, 0
i411xc-fn, 1, 0
i433wd-fn, 1, 0
i295tb-mg, 1, 0
i264tb-mn, 1, 0
i206vb-mn, 1, 0
i217td-fn, 1, 0
i296ve-mg, 1, 0
i072ra-fn, 1, 0
i222td-fn, 1, 0
i299ve-mn, 1, 0
i001sc-mn, 1, 0
i050qe-fg, 1, 0
i402wb-fn, 1, 1
i272ua-fg, 1, 0
i090rc-mn, 1, 0
i269uc-mn, 1, 0
i282ve-fn, 1, 0
i035se-mn, 1, 0
i233va-fn, 1, 0
i261uc-mn, 1, 0
i084qa-mn, 1, 0
i405wd-fn, 1, 0
i240vc-mn, 1, 0
i065re-fn, 1, 0
i276ta-mn, 1, 0
i047sa-mn, 1, 0
i420wd-mn, 1, 0
i260ud-mn, 1, 0
i268ta-mn, 1, 0
i305te-fg, 1, 0
i429wb-fn, 1, 0
i406xa-mn, 1, 0
i015se-mn, 1, 0
i441wc-fn, 1, 0
i035rc-mn, 1, 0
i283tc-fn, 1, 0
i242tc-mn, 1, 0
i028qe-mg, 1, 0
i284va-fg, 1, 0
i059rd-mg, 1, 0
i282vd-fn, 1, 0
i001qd-mn, 1, 0
i002ra-mn, 1, 0
i409wa-fg, 1, 0
i422wb-fn, 1, 0
i051rc-fn, 1, 0
i268tc-mn, 1, 0
i089qe-mn, 1, 0
i072re-fn, 1, 0
i605zd-fn, 1, 0
i603za-fn, 1, 0
i617za-fn, 1, 0
i262va-fn, 1, 0
i450xe-mn, 1, 0
i258ue-mn, 1, 0
i013sc-fn, 1, 0
i259ta-mn, 1, 0
i276ue-mn, 1, 0
i619ya-fg, 1, 0
i451wd-mg, 1, 0
i279va-fn, 1, 0
i431wd-fn, 1, 0
i448we-fn, 1, 0
i074qe-fn, 1, 0
i085sd-mg, 1, 0
i233te-fn, 1, 0
i036re-mg, 1, 0
i025sb-mn, 1, 0
i074se-fn, 1, 0
i256tc-mn, 1, 0
i048qd-mn, 1, 0
i227ud-mn, 1, 0
i055rb-mn, 1, 0
i255ub-mn, 1, 0
i616za-fn, 1, 0
i027rc-mn, 1, 0
i219ud-mn, 1, 0
i291te-fg, 1, 0
i053qa-fg, 1, 0
i233td-fn, 1, 0
i086sd-fn, 1, 0
i621yd-fn, 1, 0
i031sd-fn, 1, 0
i022qb-fn, 1, 0
i410we-fn, 1, 0
i217ve-fn, 1, 0
i280vd-mn, 1, 0
i412wa-mn, 1, 0
i042rb-fn, 1, 0
i083qc-mn, 1, 0
i227td-mn, 1, 0
i245vd-fn, 1, 0
i022qc-fn, 1, 0
i206vc-mn, 1, 0
i046qe-fn, 1, 0
i041sd-mn, 1, 0
i022ra-fn, 1, 0
i005rd-fn, 1, 0
i223ub-mn, 1, 0
i202vd-fn, 1, 0
i620yb-fn, 1, 0
i296td-mg, 1, 0
i303tc-fg, 1, 0
i423xe-mn, 1, 0
i061qc-fn, 1, 0
i208te-fn, 1, 0
i085se-mg, 1, 0
i239ud-mn, 1, 0
i202td-fn, 1, 0
i239uc-mn, 1, 0
i054rd-mg, 1, 0
i053qd-fg, 1, 0
i281ud-fn, 1, 0
i301ve-fg, 1, 0
i425xe-mn, 1, 0
i295ua-mg, 1, 0
i051sd-fn, 1, 0
i080re-fn, 1, 0
i064rc-mn, 1, 0
i621ze-fn, 1, 0
i080qd-fn, 1, 0
i206va-mn, 1, 0
i222ve-fn, 1, 0
i273tb-mn, 1, 0
i005qc-fn, 1, 0
i252ud-fn, 1, 0
i088rd-fn, 1, 0
i248tc-fn, 1, 0
i062qb-fn, 1, 0
i055qd-mn, 1, 0
i450wc-mn, 1, 0
i297td-mn, 1, 0
i046sd-fn, 1, 0
i042ra-fn, 1, 0
i442wd-mn, 1, 0
i280vc-mn, 1, 0
i275vc-fg, 1, 0
i415we-fn, 1, 0
i012rb-mn, 1, 0
i444xc-fn, 1, 0
i069qe-fg, 1, 0
i223uc-mn, 1, 0
i003rb-fn, 1, 0
i259tc-mn, 1, 0
i028qa-mg, 1, 0
i061sa-fn, 1, 0
i243tc-mn, 1, 0
i212ta-fn, 1, 0
i065sa-fn, 1, 0
i440wb-mg, 1, 0
i265ve-fn, 1, 0
i306va-fg, 1, 0
i057ra-fn, 1, 0
i618zd-fg, 1, 0
i029qd-fg, 1, 0
i041qb-mn, 1, 0
i613yd-fg, 1, 0
i239vc-mn, 1, 0
i067qe-fn, 1, 0
i056sd-mn, 1, 0
i043qd-mn, 1, 0
i017qe-mg, 1, 0
i293uc-fn, 1, 0
i239ve-mn, 1, 0
i278ue-mn, 1, 0
i006re-mn, 1, 0
i086qd-fn, 1, 0
i033qc-fn, 1, 0
i079qd-mn, 1, 0
i304vd-fg, 1, 0
i232vb-mn, 1, 0
i048qe-mn, 1, 0
i209ud-fn, 1, 0
i603ya-fn, 1, 0
i246tc-mg, 1, 0
i611yc-fn, 1, 0
i303vd-fg, 1, 0
i303ud-fg, 1, 0
i293tb-fn, 1, 0
i288ua-mn, 1, 0
i248te-fn, 1, 0
i081sb-mn, 1, 0
i416we-mn, 1, 0
i274vc-mn, 1, 0
i272td-fg, 1, 0
i070ra-mn, 1, 0
i259ve-mn, 1, 0
i039rd-fn, 1, 0
i063re-fn, 1, 0
i612yd-fn, 1, 0
i303te-fg, 1, 0
i022rd-fn, 1, 0
i225uc-mn, 1, 0
i003se-f3, 1, 0
i264vc-mn, 1, 0
i038sd-mn, 1, 0
i024qd-fn, 1, 0
i451we-mg, 1, 0
i221vc-fg, 1, 0
i300te-fn, 1, 0
i250ub-mn, 1, 0
i264vd-mn, 1, 0
i440wc-mg, 1, 0
i294tc-mg, 1, 0
i220uc-fn, 1, 0
i297ta-mn, 1, 0
i068ra-mn, 1, 0
i214va-fn, 1, 0
i004qa-mn, 1, 0
i251ub-mn, 1, 0
i276ud-mn, 1, 0
i025qd-mn, 1, 0
i275ud-fg, 1, 0
i208uc-fn, 1, 0
i225ta-mn, 1, 0
i290va-mn, 1, 0
i266ve-fn, 1, 0
i222uc-fn, 1, 0
i602yc-mn, 1, 0
i043qa-mn, 1, 0
i013qa-fn, 1, 0
i062rd-fn, 1, 0
i007rb-fn, 1, 0
i071qc-fn, 1, 0
i032rc-fn, 1, 0
i618yd-fg, 1, 0
i250vc-mn, 1, 0
i608yd-fn, 1, 0
i087re-fn, 1, 0
i288ub-mn, 1, 0
i055ra-mn, 1, 0
i055sd-mn, 1, 0
i272ta-fg, 1, 0
i026rd-fn, 1, 0
i082sc-mn, 1, 0
i007ra-fn, 1, 0
i239ua-mn, 1, 0
i224tb-mn, 1, 0
i054rc-mg, 1, 0
i241ua-mn, 1, 0
i247ta-fn, 1, 0
i235ud-fn, 1, 0
i087rd-fn, 1, 0
i061qd-fn, 1, 0
i021rc-fn, 1, 0
i251ue-mn, 1, 0
i052sa-mn, 1, 0
i282va-fn, 1, 0
i442xe-mn, 1, 0
i445we-mg, 1, 0
i615yc-fn, 1, 0
i079sa-mn, 1, 0
i019qd-fn, 1, 0
i216va-fn, 1, 0
i276te-mn, 1, 0
i246ub-mg, 1, 0
i429wc-fn, 1, 0
i434wc-fn, 1, 0
i406wb-mn, 1, 0
i246uc-mg, 1, 0
i420xc-mn, 1, 0
i262ue-fn, 1, 0
i211ud-fn, 1, 0
i082qe-mn, 1, 0
i253va-mg, 1, 0
i420we-mn, 1, 0
i004se-mn, 1, 0
i218ub-fn, 1, 0
i044qa-mn, 1, 0
i418wa-fn, 1, 0
i085rd-mg, 1, 0
i031sb-fn, 1, 0
i230ve-mn, 1, 0
i278ub-mn, 1, 0
i221ue-fg, 1, 0
i218ud-fn, 1, 0
i268ua-mn, 1, 0
i217ud-fn, 1, 0
i068qb-mn, 1, 0
i224te-mn, 1, 0
i010rd-mn, 1, 0
i069rc-fg, 1, 0
i037qe-fn, 1, 0
i200vd-mg, 1, 0
i298vc-fn, 1, 0
i006qd-mn, 1, 0
i245ua-fn, 1, 0
i289ve-mg, 1, 0
i245uc-fn, 1, 0
i234uc-mg, 1, 0
i010sc-mn, 1, 0
i009sb-mn, 1, 0
i433wb-fn, 1, 0
i247ve-fn, 1, 0
i433wa-fn, 1, 0
i418xb-fn, 1, 0
i291va-fg, 1, 0
i031sc-fn, 1, 0
i276vb-mn, 1, 0
i057sb-fn, 1, 0
i408xd-mn, 1, 0
i022qa-fn, 1, 0
i255vb-mn, 1, 0
i284ud-fg, 1, 0
i038qd-mn, 1, 0
i624zb-fn, 1, 0
i055sb-mn, 1, 0
i622za-mn, 1, 0
i002sc-mn, 1, 0
i243ub-mn, 1, 0
i017se-mg, 1, 0
i011ra-mn, 1, 0
i034rd-mg, 1, 0
i216vc-fn, 1, 0
i216ta-fn, 1, 0
i205ub-mn, 1, 0
i214vd-fn, 1, 0
i405xd-fn, 1, 0
i243vd-mn, 1, 0
i243va-mn, 1, 0
i076re-fn, 1, 0
i410wa-fn, 1, 0
i072sc-fn, 1, 0
i236ud-fn, 1, 0
i439we-mn, 1, 0
i407xd-mn, 1, 0
i014qc-fn, 1, 0
i079sd-mn, 1, 0
i059qd-mg, 1, 0
i028rc-mg, 1, 0
i449xd-fn, 1, 0
i038qb-mn, 1, 0
i408xe-mn, 1, 0
i401xd-fn, 1, 0
i412wc-mn, 1, 0
i244td-mn, 1, 0
i043se-mn, 1, 0
i273tc-mn, 1, 0
i613ye-fg, 1, 0
i436wa-mn, 1, 0
i084sd-mn, 1, 0
i612zb-fn, 1, 0
i042qd-fn, 1, 0
i232tc-mn, 1, 0
i621za-fn, 1, 0
i235ta-fn, 1, 0
i203vb-mn, 1, 0
i225vc-mn, 1, 0
i049rb-mn, 1, 0
i301td-fg, 1, 0
i286vb-fn, 1, 0
i007rd-fn, 1, 0
i613yc-fg, 1, 0
i207ve-fn, 1, 0
i033qd-fn, 1, 0
i084qd-mn, 1, 0
i083sd-mn, 1, 0
i281ub-fn, 1, 0
i063sa-fn, 1, 0
i624zc-fn, 1, 0
i050qd-fg, 1, 0
i441xd-fn, 1, 0
i253ue-mg, 1, 0
i038rb-mn, 1, 0
i070sb-mn, 1, 0
i064qb-mn, 1, 0
i230tb-mn, 1, 0
i027qc-mn, 1, 0
i245ub-fn, 1, 0
i063sb-fn, 1, 0
i265ua-fn, 1, 0
i008qd-mn, 1, 0
i206te-mn, 1, 0
i404wc-fn, 1, 0
i235ve-fn, 1, 0
i615zb-fn, 1, 0
i249td-fn, 1, 0
i254td-mn, 1, 0
i406xb-mn, 1, 0
i066rd-mn, 1, 0
i051sa-fn, 1, 0
i270td-mn, 1, 0
i252ve-fn, 1, 0
i445wc-mg, 1, 0
i623yb-mn, 1, 0
i212ua-fn, 1, 0
i266ua-fn, 1, 0
i212ud-fn, 1, 0
i422xc-fn, 1, 0
i033qa-fn, 1, 0
i003sc-fn, 1, 0
i014sa-fn, 1, 0
i286td-fn, 1, 0
i049qc-mn, 1, 0
i202te-fn, 1, 0
i059sa-mg, 1, 0
i207td-fn, 1, 0
i437xc-fn, 1, 0
i020sa-fg, 1, 0
i082se-mn, 1, 0
i447wb-fn, 1, 0
i261vb-mn, 1, 0
i400wb-mn, 1, 0
i449xa-fn, 1, 0
i247vd-fn, 1, 0
i409xe-fg, 1, 0
i611yd-fn, 1, 0
i261ve-mn, 1, 0
i218td-fn, 1, 0
i033rc-fn, 1, 0
i065rc-fn, 1, 0
i616ye-fn, 1, 0
i242va-mn, 1, 0
i026qd-fn, 1, 0
i018qa-fn, 1, 0
i282tb-fn, 1, 0
i255td-mn, 1, 0
i413xc-fn, 1, 0
i293vb-fn, 1, 0
i200ub-mg, 1, 0
i256te-mn, 1, 0
i081sa-mn, 1, 0
i424xc-fn, 1, 0
i283ue-fn, 1, 0
i283te-fn, 1, 0
i201ue-mg, 1, 0
i064rd-mn, 1, 0
i224tc-mn, 1, 0
i086sc-fn, 1, 0
i203ta-mn, 1, 0
i615ye-fn, 1, 0
i031re-fn, 1, 0
i077sd-fn, 1, 0
i430wa-fn, 1, 0
i022re-fn, 1, 0
i085qd-mg, 1, 0
i230td-mn, 1, 0
i267ta-mn, 1, 0
i060qd-mn, 1, 0
i063rd-fn, 1, 0
i278va-mn, 1, 0
i010rb-mn, 1, 0
i451xc-mg, 1, 0
i030qd-fg, 1, 0
i223tc-mn, 1, 0
i280td-mn, 1, 0
i264vb-mn, 1, 0
i041rd-mn, 1, 0
i269ve-mn, 1, 0
i053sb-fg, 1, 0
i223td-mn, 1, 0
i451xd-mg, 1, 0
i249te-fn, 1, 0
i089qc-mn, 1, 0
i255ud-mn, 1, 0
i014sd-fn, 1, 0
i244ub-mn, 1, 0
i293ve-fn, 1, 0
i618za-fg, 1, 0
i270ua-mn, 1, 0
i270te-mn, 1, 0
i065ra-fn, 1, 0
i049sd-mn, 1, 0
i279ta-fn, 1, 0
i207uc-fn, 1, 0
i431wc-fn, 1, 0
i434xa-fn, 1, 0
i222ud-fn, 1, 0
i017rd-mg, 1, 0
i410xa-fn, 1, 0
i407wd-mn, 1, 0
i241vb-mn, 1, 0
i223vb-mn, 1, 0
i613za-fg, 1, 0
i016re-mn, 1, 0
i441wd-fn, 1, 0
i036ra-mg, 1, 0
i262vb-fn, 1, 0
i427xa-fn, 1, 0
i263ta-mn, 1, 0
i257ta-mn, 1, 0
i253te-mg, 1, 0
i027sc-mn, 1, 0
i268tb-mn, 1, 0
i446xd-fn, 1, 0
i002sd-mn, 1, 0
i041ra-mn, 1, 0
i263tc-mn, 1, 0
i247te-fn, 1, 0
i018qe-fn, 1, 0
i051qe-fn, 1, 0
i442xc-mn, 1, 0
i621yc-fn, 1, 0
i444xb-fn, 1, 0
i307vd-mg, 1, 0
i057qc-fn, 1, 0
i304ub-fg, 1, 0
i441xc-fn, 1, 0
i075se-mn, 1, 0
i000sc-fn, 1, 0
i251uc-mn, 1, 0
i026qe-fn, 1, 0
i248ta-fn, 1, 0
i000sb-fn, 1, 0
i420wa-mn, 1, 0
i242ud-mn, 1, 0
i002qc-mn, 1, 0
i010sb-mn, 1, 0
i256ud-mn, 1, 0
i443wd-mn, 1, 0
i448xe-fn, 1, 0
i277tb-mg, 1, 0
i445xc-mg, 1, 0
i290tc-mn, 1, 0
i409xa-fg, 1, 0
i240td-mn, 1, 0
i014sb-fn, 1, 0
i063rb-fn, 1, 0
i209ub-fn, 1, 0
i299vc-mn, 1, 0
i046rb-fn, 1, 0
i276ve-mn, 1, 0
i225ua-mn, 1, 0
i060qa-mn, 1, 0
i258va-mn, 1, 0
i237te-fn, 1, 0
i210tb-fn, 1, 0
i278uc-mn, 1, 0
i606yc-fn, 1, 0
i223ta-mn, 1, 0
i028sb-mg, 1, 0
i066se-mn, 1, 0
i304ta-fg, 1, 0
i014qe-fn, 1, 0
i282ta-fn, 1, 0
i012sa-mn, 1, 0
i218vc-fn, 1, 0
i607ze-fn, 1, 0
i087qe-fn, 1, 0
i052qe-mn, 1, 0
i221vb-fg, 1, 0
i600za-fn, 1, 0
i289ub-mg, 1, 0
i245va-fn, 1, 0
i611ye-fn, 1, 0
i241tc-mn, 1, 0
i064sa-mn, 1, 0
i050qb-fg, 1, 0
i017sc-mg, 1, 0
i250ta-mn, 1, 0
i416xd-mn, 1, 0
i277ta-mg, 1, 0
i292vc-fn, 1, 0
i019re-fn, 1, 0
i433we-fn, 1, 0
i048qa-mn, 1, 0
i085ra-mg, 1, 0
i303vb-fg, 1, 0
i278ta-mn, 1, 0
i604yd-fn, 1, 0
i219tb-mn, 1, 0
i078qb-fg, 1, 0
i298ta-fn, 1, 0
i430wb-fn, 1, 0
i615za-fn, 1, 0
i253vd-mg, 1, 0
i210uc-fn, 1, 0
i035qa-mn, 1, 0
i032sa-fn, 1, 0
i299vb-mn, 1, 0
i231vc-mn, 1, 0
i069rd-fg, 1, 0
i613zb-fg, 1, 0
i058qd-mn, 1, 0
i022qd-fn, 1, 0
i423wb-mn, 1, 0
i219va-mn, 1, 0
i444xe-fn, 1, 0
i063qc-fn, 1, 0
i433xc-fn, 1, 0
i301te-fg, 1, 0
i088sc-fn, 1, 0
i040ra-mn, 1, 0
i609ze-fg, 1, 0
i208td-fn, 1, 0
i268ue-mn, 1, 0
i064sb-mn, 1, 0
i219ua-mn, 1, 0
i207te-fn, 1, 0
i016ra-mn, 1, 0
i272ve-fg, 1, 0
i069qb-fg, 1, 0
i240tc-mn, 1, 0
i035ra-mn, 1, 0
i280ve-mn, 1, 0
i072qa-fn, 1, 0
i617yb-fn, 1, 0
i403wc-fn, 1, 0
i060sb-mn, 1, 1
i400xa-mn, 1, 0
i297ue-mn, 1, 0
i087sd-fn, 1, 0
i054re-mg, 1, 0
i237vc-fn, 1, 0
i601yd-fn, 1, 0
i256ua-mn, 1, 0
i240ue-mn, 1, 0
i421wd-fn, 1, 0
i307uc-mg, 1, 0
i407xb-mn, 1, 0
i006sb-mn, 1, 0
i444wa-fn, 1, 0
i236va-fn, 1, 0
i306ua-fg, 1, 0
i608zc-fn, 1, 0
i006sc-mn, 1, 0
i260ua-mn, 1, 0
i427xb-fn, 1, 0
i004qe-mn, 1, 0
i025ra-mn, 1, 0
i212vb-fn, 1, 0
i041sc-mn, 1, 0
i001sd-mn, 1, 0
i237ud-fn, 1, 0
i292ue-fn, 1, 0
i239ta-mn, 1, 0
i236uc-fn, 1, 0
i268td-mn, 1, 0
i035sc-mn, 1, 0
i289ta-mg, 1, 0
i048sb-mn, 1, 0
i205ua-mn, 1, 0
i205tb-mn, 1, 0
i225te-mn, 1, 0
i421xc-fn, 1, 0
i047se-mn, 1, 0
i276tb-mn, 1, 0
i058rb-mn, 1, 0
i409wc-fg, 1, 0
i217ua-fn, 1, 0
i430xc-fn, 1, 0
i432wd-fn, 1, 0
i604ze-fn, 1, 0
i087qd-fn, 1, 0
i053qb-fg, 1, 0
i262uc-fn, 1, 0
i255ua-mn, 1, 0
i259vd-mn, 1, 0
i285uc-fn, 1, 0
i055rd-mn, 1, 0
i250ua-mn, 1, 0
i616yb-fn, 1, 0
i090qb-mn, 1, 0
i604ya-fn, 1, 0
i040se-mn, 1, 0
i070sd-mn, 1, 0
i032re-fn, 1, 0
i293te-fn, 1, 0
i244tb-mn, 1, 0
i031rb-fn, 1, 0
i067re-fn, 1, 0
i428wa-fn, 1, 0
i062rb-fn, 1, 0
i030re-fg, 1, 0
i281ua-fn, 1, 0
i226tb-fg, 1, 0
i624yb-fn, 1, 0
i278vd-mn, 1, 0
i014rd-fn, 1, 0
i258td-mn, 1, 0
i296tb-mg, 1, 0
i080rc-fn, 1, 0
i067qd-fn, 1, 0
i427wa-fn, 1, 0
i238td-mn, 1, 0
i403we-fn, 1, 0
i024rb-fn, 1, 0
i024re-fn, 1, 0
i287vd-mn, 1, 0
i407we-mn, 1, 0
i069sb-fg, 1, 0
i079qa-mn, 1, 0
i038qe-mn, 1, 0
i258tb-mn, 1, 0
i090qc-mn, 1, 0
i410wb-fn, 1, 0
i293va-fn, 1, 0
i259td-mn, 1, 0
i448xa-fn, 1, 0
i300vb-fn, 1, 0
i045sa-mn, 1, 0
i624za-fn, 1, 0
i008rd-mn, 1, 0
i600ya-fn, 1, 0
i228vc-mg, 1, 0
i600zc-fn, 1, 0
i023qb-fn, 1, 0
i231ve-mn, 1, 0
i415xe-fn, 1, 0
i236tc-fn, 1, 0
i603yd-fn, 1, 0
i033ra-fn, 1, 0
i253ve-mg, 1, 0
i226tc-fg, 1, 0
i074sb-fn, 1, 0
i617zd-fn, 1, 0
i295ta-mg, 1, 0
i007sd-fn, 1, 0
i605za-fn, 1, 0
i211td-fn, 1, 0
i616ya-fn, 1, 0
i236tb-fn, 1, 0
i024se-fn, 1, 0
i414xc-mn, 1, 0
i216ue-fn, 1, 0
i215ve-mg, 1, 0
i009se-mn, 1, 0
i234ue-mg, 1, 0
i421xd-fn, 1, 0
i291ve-fg, 1, 0
i258ub-mn, 1, 0
i218tb-fn, 1, 0
i043rc-mn, 1, 0
i623zb-mn, 1, 0
i067sd-fn, 1, 0
i008sa-mn, 1, 0
i426wa-fn, 1, 0
i023sd-fn, 1, 0
i210te-fn, 1, 0
i401xe-fn, 1, 0
i233vd-fn, 1, 0
i231vd-mn, 1, 0
i009rc-mn, 1, 0
i060ra-mn, 1, 0
i050ra-fg, 1, 0
i060sc-mn, 1, 0
i255ve-mn, 1, 0
i038re-mn, 1, 0
i002qa-mn, 1, 0
i009rd-mn, 1, 0
i401xa-fn, 1, 0
i248ua-fn, 1, 0
i025qe-mn, 1, 0
i061qa-fn, 1, 0
i604zb-fn, 1, 0
i232ub-mn, 1, 0
i238tb-mn, 1, 0
i016sc-mn, 1, 0
i300ue-fn, 1, 0
i085qe-mg, 1, 0
i294uc-mg, 1, 0
i239tc-mn, 1, 0
i068sc-mn, 1, 0
i208ve-fn, 1, 0
i219uc-mn, 1, 0
i301ue-fg, 1, 0
i274ve-mn, 1, 0
i285va-fn, 1, 0
i237tc-fn, 1, 0
i081se-mn, 1, 0
i064ra-mn, 1, 0
i604yb-fn, 1, 0
i235vc-fn, 1, 0
i285vc-fn, 1, 0
i202tb-fn, 1, 0
i211vb-fn, 1, 0
i292tc-fn, 1, 0
i610yc-fn, 1, 0
i046qc-fn, 1, 0
i207vb-fn, 1, 0
i085sb-mg, 1, 0
i200tc-mg, 1, 0
i218vb-fn, 1, 0
i085rc-mg, 1, 0
i439wa-mn, 1, 0
i411xa-fn, 1, 0
i413xd-fn, 1, 0
i032rb-fn, 1, 0
i084rd-mn, 1, 0
i267td-mn, 1, 0
i058ra-mn, 1, 0
i400xe-mn, 1, 0
i433xe-fn, 1, 0
i290te-mn, 1, 0
i252va-fn, 1, 0
i271uc-fg, 1, 0
i062qa-fn, 1, 0
i416xc-mn, 1, 0
i415wa-fn, 1, 0
i265vb-fn, 1, 0
i246ve-mg, 1, 0
i430xe-fn, 1, 0
i081sc-mn, 1, 0
i258uc-mn, 1, 0
i232uc-mn, 1, 0
i035re-mn, 1, 0
i010ra-mn, 1, 0
i445xd-mg, 1, 0
i289vd-mg, 1, 0
i215ta-mg, 1, 0
i423xc-mn, 1, 0
i610ye-fn, 1, 0
i003ra-fn, 1, 0
i270ve-mn, 1, 0
i078qc-fg, 1, 0
i006rd-mn, 1, 0
i226ta-fg, 1, 0
i307vc-mg, 1, 0
i445wd-mg, 1, 0
i603zc-fn, 1, 0
i029sa-fg, 1, 0
i299ta-mn, 1, 0
i283tb-fn, 1, 0
i414wc-mn, 1, 0
i011sd-mn, 1, 0
i048se-mn, 1, 0
i405xa-fn, 1, 0
i256vc-mn, 1, 0
i412wb-mn, 1, 0
i073sb-mg, 1, 0
i209uc-fn, 1, 0
i434wa-fn, 1, 0
i294ta-mg, 1, 0
i403wa-fn, 1, 0
i010qc-mn, 1, 0
i302vb-fn, 1, 0
i215ub-mg, 1, 0
i073ra-mg, 1, 0
i009re-mn, 1, 0
i306ta-fg, 1, 0
i267te-mn, 1, 0
i248tb-fn, 1, 0
i009sc-mn, 1, 0
i041qc-mn, 1, 0
i014qb-fn, 1, 0
i020qb-fg, 1, 0
i038se-mn, 1, 0
i018sa-fn, 1, 0
i250te-mn, 1, 0
i056sa-mn, 1, 0
i234tb-mg, 1, 0
i049qb-mn, 1, 0
i228ud-mg, 1, 0
i027se-mn, 1, 0
i055qa-mn, 1, 0
i082sa-mn, 1, 0
i432xe-fn, 1, 0
i622ze-mn, 1, 0
i057qd-fn, 1, 0
i298ua-fn, 1, 0
i048sa-mn, 1, 0
i040qb-mn, 1, 0
i302te-fn, 1, 0
i266uc-fn, 1, 0
i219ue-mn, 1, 0
i211tb-fn, 1, 0
i418wb-fn, 1, 0
i225ud-mn, 1, 0
i286ta-fn, 1, 0
i442xb-mn, 1, 0
i297uc-mn, 1, 0
i064qc-mn, 1, 0
i082qc-mn, 1, 0
i408wa-mn, 1, 0
i038sc-mn, 1, 0
i079rc-mn, 1, 0
i002se-mn, 1, 0
i229ta-mn, 1, 0
i055sc-mn, 1, 0
i415xa-fn, 1, 0
i073qa-mg, 1, 0
i444wd-fn, 1, 0
i267va-mn, 1, 0
i246vb-mg, 1, 0
i203ua-mn, 1, 0
i070rb-mn, 1, 0
i238ta-mn, 1, 0
i436wb-mn, 1, 0
i244tc-mn, 1, 0
i619zb-fg, 1, 0
i226ud-fg, 1, 0
i243ue-mn, 1, 0
i043rb-mn, 1, 0
i056rc-mn, 1, 0
i234vc-mg, 1, 0
i067ra-fn, 1, 0
i090re-mn, 1, 0
i295td-mg, 1, 0
i602ze-mn, 1, 0
i289vc-mg, 1, 0
i034rc-mg, 1, 0
i245te-fn, 1, 0
i087qc-fn, 1, 0
i619yc-fg, 1, 0
i075rd-mn, 1, 0
i606yd-fn, 1, 0
i271vb-fg, 1, 0
i202tc-fn, 1, 0
i400wc-mn, 1, 0
i274td-mn, 1, 0
i279tc-fn, 1, 0
i200ua-mg, 1, 0
i601ye-fn, 1, 0
i075qd-mn, 1, 0
i608yb-fn, 1, 0
i220tc-fn, 1, 0
i267vd-mn, 1, 0
i234ta-mg, 1, 0
i062sb-fn, 1, 0
i608zd-fn, 1, 0
i090sa-mn, 1, 0
i006qb-mn, 1, 0
i426xa-fn, 1, 0
i073qc-mg, 1, 0
i001rb-mn, 1, 0
i086qb-fn, 1, 0
i088qb-fn, 1, 0
i259vc-mn, 1, 0
i026ra-fn, 1, 0
i217tb-fn, 1, 0
i078re-fg, 1, 0
i209te-fn, 1, 0
i231ub-mn, 1, 0
i448xb-fn, 1, 0
i019rd-fn, 1, 0
i420xe-mn, 1, 0
i022sb-fn, 1, 0
i449xb-fn, 1, 0
i069ra-fg, 1, 0
i238tc-mn, 1, 0
i259te-mn, 1, 0
i237va-fn, 1, 0
i607yb-fn, 1, 0
i431xc-fn, 1, 0
i415xd-fn, 1, 0
i073rc-mg, 1, 0
i200te-mg, 1, 0
i218ve-fn, 1, 0
i299tb-mn, 1, 0
i274tc-mn, 1, 0
i002rc-mn, 1, 0
i218ua-fn, 1, 0
i212td-fn, 1, 0
i071qe-fn, 1, 0
i423wa-mn, 1, 0
i623ze-mn, 1, 0
i058rc-mn, 1, 0
i237uc-fn, 1, 0
i410wc-fn, 1, 0
i233ve-fn, 1, 0
i084re-mn, 1, 0
i026sc-fn, 1, 0
i026qb-fn, 1, 0
i280uc-mn, 1, 0
i303td-fg, 1, 0
i052sb-mn, 1, 0
i001se-m2, 1, 0
i021qe-fn, 1, 0
i231ue-mn, 1, 0
i008qb-mn, 1, 0
i614ya-fn, 1, 0
i207vd-fn, 1, 0
i054qb-mg, 1, 0
i074qa-fn, 1, 0
i278te-mn, 1, 0
i286te-fn, 1, 0
i058se-mn, 1, 0
i239ub-mn, 1, 0
i032qd-fn, 1, 0
i073rb-mg, 1, 0
i285ve-fn, 1, 0
i060se-mn, 1, 0
i606zc-fn, 1, 0
i269tc-mn, 1, 0
i229ua-mn, 1, 0
i227vc-mn, 1, 0
i003sd-fn, 1, 0
i249vc-fn, 1, 0
i621yb-fn, 1, 0
i414xa-mn, 1, 0
i216uc-fn, 1, 0
i413xb-fn, 1, 0
i622yc-mn, 1, 0
i066sa-mn, 1, 0
i288uc-mn, 1, 0
i209vc-fn, 1, 0
i020qe-fg, 1, 0
i619yd-fg, 1, 0
i060sa-mn, 1, 0
i082sb-mn, 1, 0
i053rc-fg, 1, 0
i034qc-mg, 1, 0
i240ve-mn, 1, 0
i015qd-mn, 1, 0
i017ra-mg, 1, 0
i042qc-fn, 1, 0
i203ud-mn, 1, 0
i301ub-fg, 1, 0
i293tc-fn, 1, 0
i228ve-mg, 1, 0
i003qb-fn, 1, 0
i448xd-fn, 1, 0
i016qc-mn, 1, 0
i076rd-fn, 1, 0
i431wb-fn, 1, 0
i237vd-fn, 1, 0
i609za-fg, 1, 0
i056qe-mn, 1, 0
i614zc-fn, 1, 0
i215te-mg, 1, 0
i215va-mg, 1, 0
i426xd-fn, 1, 0
i015rc-mn, 1, 0
i215vc-mg, 1, 0
i263vb-mn, 1, 0
i241ud-mn, 1, 0
i064sd-mn, 1, 0
i404xc-fn, 1, 0
i068re-mn, 1, 0
i088se-fn, 1, 0
i253tc-mg, 1, 0
i613ya-fg, 1, 0
i056qd-mn, 1, 0
i275ub-fg, 1, 0
i248ub-fn, 1, 0
i227ve-mn, 1, 0
i037ra-fn, 1, 0
i206tc-mn, 1, 0
i000rb-fn, 1, 0
i049rd-mn, 1, 0
i274ub-mn, 1, 0
i055rc-mn, 1, 0
i207ua-fn, 1, 0
i233ud-fn, 1, 0
i072sa-fn, 1, 0
i275te-fg, 1, 0
i212tc-fn, 1, 0
i056rd-mn, 1, 0
i230ud-mn, 1, 0
i029sc-fg, 1, 0
i026se-fn, 1, 0
i244ud-mn, 1, 0
i022qe-fn, 1, 0
i237td-fn, 1, 0
i074sd-fn, 1, 0
i606ze-fn, 1, 0
i259uc-mn, 1, 0
i307va-mg, 1, 0
i440xa-mg, 1, 0
i037sd-fn, 1, 0
i279ub-fn, 1, 0
i272ue-fg, 1, 0
i305ve-fg, 1, 0
i005se-fn, 1, 0
i286vc-fn, 1, 0
i044sd-mn, 1, 0
i047qe-mn, 1, 0
i054rb-mg, 1, 0
i062re-fn, 1, 0
i416wb-mn, 1, 0
i239ue-mn, 1, 0
i436xb-mn, 1, 0
i230ua-mn, 1, 0
i232va-mn, 1, 0
i285ue-fn, 1, 0
i208vc-fn, 1, 0
i217ue-fn, 1, 0
i202vc-fn, 1, 0
i247tb-fn, 1, 0
i235td-fn, 1, 0
i082rd-mn, 1, 0
i016rb-mn, 1, 0
i249uc-fn, 1, 0
i040rd-mn, 1, 0
i041se-mn, 1, 0
i047qb-mn, 1, 0
i307tb-mg, 1, 0
i433wc-fn, 1, 0
i408wd-mn, 1, 0
i080qc-fn, 1, 0
i402xa-fn, 1, 0
i023ra-fn, 1, 0
i603zd-fn, 1, 0
i055qb-mn, 1, 0
i240vd-mn, 1, 0
i087sa-fn, 1, 0
i022sc-fn, 1, 0
i236vc-fn, 1, 0
i263tb-mn, 1, 0
i006qc-mn, 1, 0
i261tc-mn, 1, 0
i014ra-fn, 1, 0
i019ra-fn, 1, 0
i418xd-fn, 1, 0
i005ra-fn, 1, 0
i011rb-mn, 1, 0
i225va-mn, 1, 0
i069sa-fg, 1, 0
i006se-mn, 1, 0
i623zc-mn, 1, 0
i290ud-mn, 1, 0
i259ue-mn, 1, 0
i205te-mn, 1, 0
i218vd-fn, 1, 0
i406xd-mn, 1, 0
i059ra-mg, 1, 0
i076qc-fn, 1, 0
i425xa-mn, 1, 0
i083sb-mn, 1, 0
i082rc-mn, 1, 0
i088rb-fn, 1, 0
i027rb-mn, 1, 0
i609yc-fg, 1, 0
i004sd-mn, 1, 0
i209ve-fn, 1, 0
i291ub-fg, 1, 0
i434xe-fn, 1, 0
i208vd-fn, 1, 0
i042rd-fn, 1, 0
i019qc-fn, 1, 0
i606yb-fn, 1, 0
i028qc-mg, 1, 0
i079re-mn, 1, 0
i086qa-fn, 1, 0
i046qb-fn, 1, 0
i002re-mn, 1, 0
i040re-mn, 1, 0
i307ta-mg, 1, 0
i043sc-mn, 1, 0
i296vc-mg, 1, 0
i030rb-fg, 1, 0
i251tc-mn, 1, 0
i030qe-fg, 1, 0
i607yd-fn, 1, 0
i271ud-fg, 1, 0
i224ta-mn, 1, 0
i022sa-fn, 1, 0
i081qc-mn, 1, 0
i203uc-mn, 1, 0
i292ve-fn, 1, 0
i042sd-fn, 1, 0
i068sb-mn, 1, 0
i438xb-mn, 1, 0
i278vc-mn, 1, 0
i278ua-mn, 1, 0
i054se-mg, 1, 0
i008qa-mn, 1, 0
i086ra-fn, 1, 0
i266ud-fn, 1, 0
i293ta-fn, 1, 0
i217te-fn, 1, 0
i246tb-mg, 1, 0
i447xb-fn, 1, 0
i285tb-fn, 1, 0
i618zc-fg, 1, 0
i070qd-mn, 1, 0
i049qa-mn, 1, 0
i074qb-fn, 1, 0
i217vd-fn, 1, 0
i250uc-mn, 1, 0
i229ve-mn, 1, 0
i602zc-mn, 1, 0
i052se-mn, 1, 0
i042qa-fn, 1, 0
i018qd-fn, 1, 0
i253tb-mg, 1, 0
i018sc-fn, 1, 0
i438we-mn, 1, 0
i304ua-fg, 1, 0
i261td-mn, 1, 0
i025qc-mn, 1, 0
i218te-fn, 1, 0
i435wb-fn, 1, 0
i440xd-mg, 1, 0
i230ue-mn, 1, 0
i075qb-mn, 1, 0
i281vd-fn, 1, 0
i225tb-mn, 1, 0
i407wa-mn, 1, 0
i077sc-fn, 1, 0
i289ud-mg, 1, 0
i020rd-fg, 1, 0
i302ta-fn, 1, 0
i623ye-mn, 1, 0
i306uc-fg, 1, 0
i602yb-mn, 1, 0
i037rb-fn, 1, 0
i063se-fn, 1, 0
i242ub-mn, 1, 0
i026qa-fn, 1, 0
i220ve-fn, 1, 0
i621zc-fn, 1, 0
i076sd-fn, 1, 0
i608ze-fn, 1, 0
i293vc-fn, 1, 0
i247ua-fn, 1, 0
i280ub-mn, 1, 0
i305td-fg, 1, 0
i034sb-mg, 1, 0
i265vc-fn, 1, 0
i416wc-mn, 1, 0
i008qe-mn, 1, 0
i027sb-mn, 1, 0
i088ra-fn, 1, 0
i257vd-mn, 1, 0
i090qd-mn, 1, 0
i036qb-mg, 1, 0
i010se-mn, 1, 0
i290vd-mn, 1, 0
i616zb-fn, 1, 0
i081qa-mn, 1, 0
i086qc-fn, 1, 0
i403xe-fn, 1, 0
i248td-fn, 1, 0
i083sc-mn, 1, 0
i284vb-fg, 1, 0
i204ve-mn, 1, 0
i422xb-fn, 1, 0
i076qd-fn, 1, 0
i080sc-fn, 1, 0
i201vd-mg, 1, 0
i067rb-fn, 1, 0
i211vd-fn, 1, 0
i304va-fg, 1, 0
i074re-fn, 1, 0
i017qc-mg, 1, 0
i089se-mn, 1, 0
i611ya-fn, 1, 0
i408wc-mn, 1, 0
i404xb-fn, 1, 0
i273td-mn, 1, 0
i074sc-fn, 1, 0
i205ue-mn, 1, 0
i436xe-mn, 1, 0
i038rc-mn, 1, 1
i210tc-fn, 1, 0
i614ze-fn, 1, 0
i402xd-fn, 1, 0
i200ud-mg, 1, 0
i007sc-fn, 1, 0
i089qa-mn, 1, 0
i074rb-fn, 1, 0
i307td-mg, 1, 0
i238ue-mn, 1, 0
i302vc-fn, 1, 0
i435wc-fn, 1, 0
i438wa-mn, 1, 0
i048sc-mn, 1, 0
i039rb-fn, 1, 0
i000qe-fn, 1, 0
i611za-fn, 1, 0
i224td-mn, 1, 0
i228ta-mg, 1, 0
i427we-fn, 1, 0
i023rd-fn, 1, 0
i209tc-fn, 1, 0
i443xd-mn, 1, 0
i257tc-mn, 1, 0
i262ua-fn, 1, 0
i228vd-mg, 1, 0
i622zd-mn, 1, 0
i260vd-mn, 1, 0
i084sa-mn, 1, 0
i254ud-mn, 1, 0
i261ub-mn, 1, 0
i288ve-mn, 1, 0
i014re-fn, 1, 0
i245ve-fn, 1, 0
i219tc-mn, 1, 0
i000sd-fn, 1, 0
i268vb-mn, 1, 0
i407xa-mn, 1, 0
i402wa-fn, 1, 0
i406xc-mn, 1, 0
i227ub-mn, 1, 0
i001sb-mn, 1, 0
i239tb-mn, 1, 0
i029re-fg, 1, 0
i254ua-mn, 1, 0
i010qe-mn, 1, 0
i416xe-mn, 1, 0
i237vb-fn, 1, 0
i036rb-mg, 1, 0
i221tb-fg, 1, 0
i620ya-fn, 1, 0
i419wc-mn, 1, 0
i020qa-fg, 1, 0
i051se-fn, 1, 0
i069se-fg, 1, 0
i622zc-mn, 1, 0
i269va-mn, 1, 0
i428we-fn, 1, 0
i218ue-fn, 1, 0
i052rd-mn, 1, 0
i609zc-fg, 1, 0
i059re-mg, 1, 0
i401wa-fn, 1, 0
i045qa-mn, 1, 0
i301ud-fg, 1, 0
i034qe-mg, 1, 0
i428xb-fn, 1, 0
i621ye-fn, 1, 0
i423xb-mn, 1, 0
i016sb-mn, 1, 0
i295uc-mg, 1, 0
i294ve-mg, 1, 0
i053sd-fg, 1, 0
i019qb-fn, 1, 0
i242vd-mn, 1, 0
i297te-mn, 1, 0
i078rb-fg, 1, 0
i260tc-mn, 1, 0
i081rd-mn, 1, 0
i248ve-fn, 1, 0
i021sb-fn, 1, 0
i305ub-fg, 1, 0
i259ua-mn, 1, 0
i016qd-mn, 1, 0
i082qd-mn, 1, 0
i283ud-fn, 1, 0
i032sb-fn, 1, 0
i042qb-fn, 1, 0
i293ua-fn, 1, 0
i072qd-fn, 1, 0
i272uc-fg, 1, 0
i239va-mn, 1, 0
i251ta-mn, 1, 0
i204ue-mn, 1, 0
i024rd-fn, 1, 0
i290ua-mn, 1, 0
i243tb-mn, 1, 0
i282ue-fn, 1, 0
i281tc-fn, 1, 0
i030se-fg, 1, 0
i079rd-mn, 1, 0
i004sb-mn, 1, 0
i086sa-fn, 1, 0
i270tb-mn, 1, 0
i271tc-fg, 1, 0
i244ve-mn, 1, 0
i015rd-mn, 1, 0
i039sd-fn, 1, 0
i080se-fn, 1, 0
i283ta-fn, 1, 0
i297vb-mn, 1, 0
i280va-mn, 1, 0
i600zd-fn, 1, 0
i234vb-mg, 1, 0
i289ue-mg, 1, 0
i269te-mn, 1, 0
i007qe-fn, 1, 0
i090rb-mn, 1, 0
i279td-fn, 1, 0
i612ye-fn, 1, 0
i271va-fg, 1, 0
i062ra-fn, 1, 0
i057sa-fn, 1, 0
i297ub-mn, 1, 0
i445wb-mg, 1, 0
i026sb-fn, 1, 0
i044qc-mn, 1, 0
i220td-fn, 1, 0
i043sb-mn, 1, 0
i068qe-mn, 1, 0
i400xd-mn, 1, 0
i619ze-fg, 1, 0
i445xa-mg, 1, 0
i027sa-mn, 1, 0
i021sd-fn, 1, 0
i406wd-mn, 1, 0
i292ua-fn, 1, 0
i424wb-fn, 1, 0
i249ta-fn, 1, 0
i023rb-fn, 1, 0
i292ud-fn, 1, 0
i261ud-mn, 1, 0
i427xe-fn, 1, 0
i074rd-fn, 1, 0
i039qa-fn, 1, 0
i230te-mn, 1, 0
i043qe-mn, 1, 0
i212vc-fn, 1, 0
i013re-fn, 1, 0
i235te-fn, 1, 0
i243uc-mn, 1, 0
i249ue-fn, 1, 0
i447xe-fn, 1, 0
i612zc-fn, 1, 0
i044se-mn, 1, 0
i045qc-mn, 1, 0
i064rb-mn, 1, 0
i303va-fg, 1, 0
i254va-mn, 1, 0
i047rd-mn, 1, 0
i037sc-fn, 1, 0
i304td-fg, 1, 0
i414wb-mn, 1, 0
i011qb-mn, 1, 0
i426wb-fn, 1, 0
i246vc-mg, 1, 0
i007qb-fn, 1, 0
i206vd-mn, 1, 0
i423we-mn, 1, 0
i017sd-mg, 1, 0
i602ye-mn, 1, 0
i232ua-mn, 1, 0
i272ub-fg, 1, 0
i282uc-fn, 1, 0
i416wd-mn, 1, 0
i077qd-fn, 1, 0
i405we-fn, 1, 0
i209ta-fn, 1, 0
i402xc-fn, 1, 0
i253ud-mg, 1, 0
i052qc-mn, 1, 0
i246td-mg, 1, 0
i405wc-fn, 1, 0
i450wa-mn, 1, 0
i249vd-fn, 1, 0
i605ye-fn, 1, 0
i259ud-mn, 1, 0
i282ud-fn, 1, 0
i234td-mg, 1, 0
i005sd-fn, 1, 0
i009qa-mn, 1, 0
i233ub-fn, 1, 0
i450wb-mn, 1, 0
i044rc-mn, 1, 0
i010qa-mn, 1, 0
i240ta-mn, 1, 0
i235va-fn, 1, 0
i035qb-mn, 1, 0
i015qe-mn, 1, 0
i271tb-fg, 1, 0
i049qd-mn, 1, 0
i084qc-mn, 1, 0
i400we-mn, 1, 0
i215vd-mg, 1, 0
i004rc-mn, 1, 0
i059qb-mg, 1, 0
i295vb-mg, 1, 0
i014qd-fn, 1, 0
i448wa-fn, 1, 0
i021se-fn, 1, 0
i031qa-fn, 1, 0
i306tc-fg, 1, 0
i023qc-fn, 1, 0
i276ua-mn, 1, 0
i418xa-fn, 1, 0
i206ve-mn, 1, 0
i284ua-fg, 1, 0
i035rd-mn, 1, 0
i034qb-mg, 1, 0
i001qb-mn, 1, 0
i451wb-mg, 1, 0
i021rb-fn, 1, 0
i047rb-mn, 1, 0
i293ud-fn, 1, 0
i424xe-fn, 1, 0
i058sc-mn, 1, 0
i043qb-mn, 1, 0
i075rc-mn, 1, 0
i261ta-mn, 1, 0
i023sb-fn, 1, 0
i006ra-mn, 1, 0
i299ud-mn, 1, 0
i610yb-fn, 1, 0
i009qe-mn, 1, 0
i438wd-mn, 1, 0
i000sa-fn, 1, 0
i041rb-mn, 1, 0
i072sd-fn, 1, 0
i274vd-mn, 1, 0
i284ta-fg, 1, 0
i204vd-mn, 1, 0
i405xc-fn, 1, 0
i434we-fn, 1, 0
i435xb-fn, 1, 0
i222tc-fn, 1, 0
i218va-fn, 1, 0
i614yd-fn, 1, 0
i024rc-fn, 1, 0
i241ta-mn, 1, 0
i029sd-fg, 1, 0
i037rc-fn, 1, 0
i087sb-fn, 1, 0
i272vd-fg, 1, 0
i265te-fn, 1, 0
i245td-fn, 1, 0
i202va-fn, 1, 0
i054qd-mg, 1, 0
i226ua-fg, 1, 0
i435xa-fn, 1, 0
i076se-fn, 1, 0
i030sb-fg, 1, 0
i427xc-fn, 1, 0
i303tb-fg, 1, 0
i049qe-mn, 1, 0
i023sa-fn, 1, 0
i000re-fn, 1, 0
i421wc-fn, 1, 0
i225tc-mn, 1, 0
i213vb-fn, 1, 0
i446wb-fn, 1, 0
i270tc-mn, 1, 0
i016qb-mn, 1, 0
i228tc-mg, 1, 0
i257te-mn, 1, 0
i062qd-fn, 1, 0
i618yc-fg, 1, 0
i415wd-fn, 1, 0
i026re-fn, 1, 0
i292uc-fn, 1, 0
i299va-mn, 1, 0
i422xe-fn, 1, 0
i245ue-fn, 1, 0
i056re-mn, 1, 0
i090sc-mn, 1, 0
i245tc-fn, 1, 0
i287uc-mn, 1, 0
i263td-mn, 1, 0
i401wd-fn, 1, 0
i054qe-mg, 1, 0
i274ud-mn, 1, 0
i406we-mn, 1, 0
i281ta-fn, 1, 0
i071rc-fn, 1, 0
i028ra-mg, 1, 0
i047qd-mn, 1, 0
i045sc-mn, 1, 0
i284tc-fg, 1, 0
i013qc-fn, 1, 0
i059se-mg, 1, 0
i004sa-mn, 1, 0
i604ye-fn, 1, 0
i263ve-mn, 1, 0
i432wa-fn, 1, 0
i230ub-mn, 1, 0
i083re-mn, 1, 0
i287tb-mn, 1, 0
i024sd-fn, 1, 0
i437wc-fn, 1, 0
i291vb-fg, 1, 0
i056rb-mn, 1, 0
i450we-mn, 1, 0
i442wb-mn, 1, 0
i245vc-fn, 1, 0
i023qd-fn, 1, 0
i046qd-fn, 1, 0
i208ud-fn, 1, 0
i277va-mg, 1, 0
i052rb-mn, 1, 0
i417wd-mn, 1, 0
i606zd-fn, 1, 0
i276tc-mn, 1, 0
i205ud-mn, 1, 0
i601yc-fn, 1, 0
i054ra-mg, 1, 0
i443wa-mn, 1, 0
i241td-mn, 1, 0
i028rb-mg, 1, 0
i279vc-fn, 1, 0
i403xa-fn, 1, 0
i246ud-mg, 1, 0
i225ub-mn, 1, 0
i057rd-fn, 1, 0
i229ue-mn, 1, 0
i019qe-fn, 1, 0
i430xd-fn, 1, 0
i076sb-fn, 1, 0
i208tc-fn, 1, 0
i427wc-fn, 1, 0
i002qb-mn, 1, 0
i210ue-fn, 1, 0
i242td-mn, 1, 0
i294tb-mg, 1, 0
i071sc-fn, 1, 0
i231uc-mn, 1, 0
i291ta-fg, 1, 0
i293vd-fn, 1, 0
i440xe-mg, 1, 0
i068rc-mn, 1, 0
i294ua-mg, 1, 0
i078ra-fg, 1, 0
i411wa-fn, 1, 0
i275vd-fg, 1, 0
i021sa-fn, 1, 0
i237ua-fn, 1, 0
i077qe-fn, 1, 0
i250va-mn, 1, 0
i258ud-mn, 1, 0
i046sa-fn, 1, 0
i268va-mn, 1, 0
i263te-mn, 1, 0
i249ud-fn, 1, 0
i238va-mn, 1, 0
i416wa-mn, 1, 0
i234ub-mg, 1, 0
i609yd-fg, 1, 0
i412xa-mn, 1, 0
i053qc-fg, 1, 0
i214tb-fn, 1, 0
i012qd-mn, 1, 0
i067se-fn, 1, 0
i042sa-fn, 1, 0
i283td-fn, 1, 0
i230uc-mn, 1, 0
i438xd-mn, 1, 0
i251ud-mn, 1, 0
i015qc-mn, 1, 0
i024sb-fn, 1, 0
i243te-mn, 1, 0
i221ud-fg, 1, 0
i049sc-mn, 1, 0
i045sd-mn, 1, 0
i212uc-fn, 1, 0
i200vc-mg, 1, 0
i213td-fn, 1, 0
i618yb-fg, 1, 0
i236te-fn, 1, 0
i267vc-mn, 1, 0
i407xe-mn, 1, 0
i205tc-mn, 1, 0
i254vd-mn, 1, 0
i220vb-fn, 1, 0
i608zb-fn, 1, 0
i432xc-fn, 1, 0
i233uc-fn, 1, 0
i295ve-mg, 1, 0
i215vb-mg, 1, 0
i413xe-fn, 1, 0
i075sa-mn, 1, 0
i064sc-mn, 1, 0
i071sd-fn, 1, 0
i225td-mn, 1, 0
i440wa-mg, 1, 0
i033qb-fn, 1, 0
i273ue-mn, 1, 0
i229td-mn, 1, 0
i086sb-fn, 1, 0
i018se-fn, 1, 0
i256ub-mn, 1, 0
i450xa-mn, 1, 0
i205vb-mn, 1, 0
i056sc-mn, 1, 0
i273ua-mn, 1, 0
i304ud-fg, 1, 0
i618ze-fg, 1, 0
i286ud-fn, 1, 0
i039qd-fn, 1, 0
i403wd-fn, 1, 0
i031qb-fn, 1, 0
i249ve-fn, 1, 0
i305vb-fg, 1, 0
i034sa-mg, 1, 0
i619zc-fg, 1, 0
i421xb-fn, 1, 0
i274ta-mn, 1, 0
i032qa-fn, 1, 0
i018ra-fn, 1, 0
i280ue-mn, 1, 0
i280tb-mn, 1, 0
i074qc-fn, 1, 0
i249va-fn, 1, 0
i433xa-fn, 1, 0
i008re-mn, 1, 0
i602yd-mn, 1, 0
i445xb-mg, 1, 0
i427xd-fn, 1, 0
i064qe-mn, 1, 0
i218tc-fn, 1, 0
i229vb-mn, 1, 0
i283ve-fn, 1, 0
i279vb-fn, 1, 0
i301ua-fg, 1, 0
i077qa-fn, 1, 0
i214ta-fn, 1, 0
i428wd-fn, 1, 0
i084qb-mn, 1, 0
i216te-fn, 1, 0
i088sd-fn, 1, 0
i059rb-mg, 1, 0
i435wa-fn, 1, 0
i260te-mn, 1, 0
i210vb-fn, 1, 0
i247uc-fn, 1, 0
i056se-mn, 1, 0
i050sa-fg, 1, 0
i065qa-fn, 1, 0
i292va-fn, 1, 1
i027qd-mn, 1, 0
i058qe-mn, 1, 0
i228tb-mg, 1, 0
i215ua-mg, 1, 0
i255uc-mn, 1, 0
i293td-fn, 1, 0
i412xc-mn, 1, 0
i209tb-fn, 1, 0
i263ub-mn, 1, 0
i429xb-fn, 1, 0
i059sc-mg, 1, 0
i260ve-mn, 1, 0
i437we-fn, 1, 0
i032ra-fn, 1, 0
i267ue-mn, 1, 0
i025sc-mn, 1, 0
i046sb-fn, 1, 0
i276vd-mn, 1, 0
i605yc-fn, 1, 0
i061sd-fn, 1, 0
i424xa-fn, 1, 0
i200td-mg, 1, 0
i015qa-mn, 1, 0
i035sb-mn, 1, 0
i444xd-fn, 1, 0
i030sc-fg, 1, 0
i617zc-fn, 1, 0
i020rb-fg, 1, 0
i306ub-fg, 1, 0
i222ua-fn, 1, 0
i287td-mn, 1, 0
i254ve-mn, 1, 0
i290ve-mn, 1, 0
i222ta-fn, 1, 0
i080sa-fn, 1, 0
i028rd-mg, 1, 0
i068rb-mn, 1, 0
i088qe-fn, 1, 0
i251tb-mn, 1, 0
i271ua-fg, 1, 0
i081sd-mn, 1, 0
i221vd-fg, 1, 0
i200ue-mg, 1, 0
i201va-mg, 1, 0
i077sb-fn, 1, 0
i012sb-mn, 1, 0
i307ve-mg, 1, 0
i418wc-fn, 1, 0
i295ue-mg, 1, 0
i259vb-mn, 1, 0
i277tc-mg, 1, 0
i617ze-fn, 1, 0
i071qd-fn, 1, 0
i040qe-mn, 1, 0
i041qe-mn, 1, 0
i207vc-fn, 1, 0
i237ub-fn, 1, 0
i425xc-mn, 1, 0
i437xd-fn, 1, 0
i405xe-fn, 1, 0
i234tc-mg, 1, 0
i042sc-fn, 1, 0
i228ub-mg, 1, 0
i292vb-fn, 1, 0
i416xa-mn, 1, 0
i236ub-fn, 1, 0
i443xc-mn, 1, 0
i418we-fn, 1, 0
i053ra-fg, 1, 0
i415wc-fn, 1, 0
i023qe-fn, 1, 0
i617yd-fn, 1, 0
i038sa-mn, 1, 0
i208tb-fn, 1, 0
i617ye-fn, 1, 0
i216ua-fn, 1, 0
i610ze-fn, 1, 0
i274te-mn, 1, 0
i040sa-mn, 1, 0
i428xe-fn, 1, 0
i238vc-mn, 1, 0
i220va-fn, 1, 0
i264ve-mn, 1, 0
i059rc-mg, 1, 0
i005sa-fn, 1, 0
i422wd-fn, 1, 0
i444wb-fn, 1, 0
i421xe-fn, 1, 0
i298vd-fn, 1, 0
i070qa-mn, 1, 0
i257uc-mn, 1, 0
i410wd-fn, 1, 0
i223ua-mn, 1, 0
i300ua-fn, 1, 0
i286ue-fn, 1, 0
i032qb-fn, 1, 0
i291ua-fg, 1, 0
i213vc-fn, 1, 0
i300tb-fn, 1, 0
i306vd-fg, 1, 0
i288ud-mn, 1, 0
i072qe-fn, 1, 0
i208ub-fn, 1, 0
i247ub-fn, 1, 0
i029rc-fg, 1, 0
i306td-fg, 1, 0
i209ua-fn, 1, 0
i274tb-mn, 1, 0
i070re-mn, 1, 0
i031sa-fn, 1, 0
i265uc-fn, 1, 0
i090rd-mn, 1, 0
i234ve-mg, 1, 0
i069sd-fg, 1, 0
i020ra-fg, 1, 0
i617yc-fn, 1, 0
i260uc-mn, 1, 0
i032sc-fn, 1, 0
i270uc-mn, 1, 0
i227ta-mn, 1, 0
i078qa-fg, 1, 0
i264ue-mn, 1, 0
i035qe-mn, 1, 0
i266ta-fn, 1, 0
i252vb-fn, 1, 0
i408xb-mn, 1, 0
i032qe-fn, 1, 0
i451xa-mg, 1, 0
i062se-fn, 1, 0
i624ze-fn, 1, 0
i429we-fn, 1, 0
i407xc-mn, 1, 0
i443xa-mn, 1, 0
i203ve-mn, 1, 0
i445xe-mg, 1, 0
i005sc-fn, 1, 0
i085re-mg, 1, 0
i061sb-fn, 1, 0
i304tc-fg, 1, 0
i027re-mn, 1, 0
i220ta-fn, 1, 0
i089rb-mn, 1, 0
i448xc-fn, 1, 0
i602zb-mn, 1, 0
i269ta-mn, 1, 0
i222ub-fn, 1, 0
i045qb-mn, 1, 0
i418xe-fn, 1, 0
i076sa-fn, 1, 0
i417wb-mn, 1, 0
i431xd-fn, 1, 0
i020qd-fg, 1, 0
i081qd-mn, 1, 0
i292tb-fn, 1, 0
i424wa-fn, 1, 0
i306vc-fg, 1, 0
i305va-fg, 1, 0
i448wd-fn, 1, 0
i279ud-fn, 1, 0
i216ub-fn, 1, 0
i042se-fn, 1, 0
i411wb-fn, 1, 0
i260td-mn, 1, 0
i602ya-mn, 1, 0
i227vb-mn, 1, 0
i283va-fn, 1, 0
i265ta-fn, 1, 0
i255vc-mn, 1, 0
i265tc-fn, 1, 0
i063qa-fn, 1, 0
i060sd-mn, 1, 0
i075qa-mn, 1, 0
i047sd-mn, 1, 0
i049ra-mn, 1, 0
i281vb-fn, 1, 0
i062rc-fn, 1, 0
i013qd-fn, 1, 0
i409we-fg, 1, 0
i048ra-mn, 1, 0
i025qa-mn, 1, 0
i300ta-fn, 1, 0
i305ue-fg, 1, 0
i042sb-fn, 1, 0
i219te-mn, 1, 0
i600yc-fn, 1, 0
i058qc-mn, 1, 0
i060rd-mn, 1, 0
i089qd-mn, 1, 0
i206ta-mn, 1, 0
i214td-fn, 1, 0
i042re-fn, 1, 0
i232ta-mn, 1, 0
i419xa-mn, 1, 0
i080qb-fn, 1, 0
i213tc-fn, 1, 0
i262ve-fn, 1, 0
i218uc-fn, 1, 0
i266va-fn, 1, 0
i607zc-fn, 1, 0
i404wd-fn, 1, 0
i265tb-fn, 1, 0
i003qc-fn, 1, 0
i073qd-mg, 1, 0
i279te-fn, 1, 0
i286tc-fn, 1, 0
i300td-fn, 1, 0
i298ub-fn, 1, 0
i623yd-mn, 1, 0
i041re-mn, 1, 0
i046rc-fn, 1, 0
i207tc-fn, 1, 0
i282vb-fn, 1, 0
i412xe-mn, 1, 0
i439xd-mn, 1, 0
i032sd-fn, 1, 0
i076qe-fn, 1, 0
i221ua-fg, 1, 0
i004sc-mn, 1, 0
i270vc-mn, 1, 0
i067qa-fn, 1, 0
i215uc-mg, 1, 0
i214vc-fn, 1, 0
i611ze-fn, 1, 0
i266te-fn, 1, 0
i285ub-fn, 1, 0
i210vd-fn, 1, 0
i087qa-fn, 1, 0
i246ua-mg, 1, 0
i298ve-fn, 1, 0
i056qc-mn, 1, 0
i292ub-fn, 1, 0
i230ta-mn, 1, 0
i277ue-mg, 1, 0
i012rc-mn, 1, 0
i013rd-fn, 1, 0
i248ud-fn, 1, 0
i620ze-fn, 1, 0
i031rd-fn, 1, 0
i011rc-mn, 1, 0
i419xd-mn, 1, 0
i268uc-mn, 1, 0
i223va-mn, 1, 0
i402wd-fn, 1, 0
i203vc-mn, 1, 0
i021qc-fn, 1, 0
i285ua-fn, 1, 0
i417xa-mn, 1, 0
i212tb-fn, 1, 0
i233tb-fn, 1, 0
i303ub-fg, 1, 0
i265ub-fn, 1, 0
i065qb-fn, 1, 0
i236ue-fn, 1, 0
i272va-fg, 1, 0
i201ub-mg, 1, 0
i000qb-fn, 1, 0
i301uc-fg, 1, 0
i209vb-fn, 1, 0
i030sd-fg, 1, 0
i020qc-fg, 1, 0
i067sb-fn, 1, 0
i431wa-fn, 1, 0
i089rc-mn, 1, 0
i079qc-mn, 1, 0
i082re-mn, 1, 0
i011qe-mn, 1, 0
i006sd-mn, 1, 0
i282te-fn, 1, 0
i072qb-fn, 1, 0
i231tc-mn, 1, 0
i307vb-mg, 1, 0
i014se-fn, 1, 0
i437xa-fn, 1, 0
i076rb-fn, 1, 0
i038rd-mn, 1, 0
i443wb-mn, 1, 0
i046re-fn, 1, 0
i068se-mn, 1, 0
i437wd-fn, 1, 0
i055se-mn, 1, 0
i446xb-fn, 1, 0
i215tb-mg, 1, 0
i285te-fn, 1, 0
i080sb-fn, 1, 0
i259va-mn, 1, 0
i277ub-mg, 1, 0
i227te-mn, 1, 0
i066qd-mn, 1, 0
i301tb-fg, 1, 0
i282vc-fn, 1, 0
i036qd-mg, 1, 0
i287va-mn, 1, 0
i440xc-mg, 1, 0
i217ta-fn, 1, 0
i252vc-fn, 1, 0
i624ye-fn, 1, 0
i605zb-fn, 1, 0
i048re-mn, 1, 0
i275uc-fg, 1, 0
i287vc-mn, 1, 0
i419xc-mn, 1, 0
i051re-fn, 1, 0
i034sd-mg, 1, 0
i036rc-mg, 1, 0
i610za-fn, 1, 0
i426xc-fn, 1, 0
i049sb-mn, 1, 0
i251vd-mn, 1, 0
i015sb-mn, 1, 0
i270ud-mn, 1, 0
i089qb-mn, 1, 0
i212te-fn, 1, 0
i003re-fn, 1, 0
i260ub-mn, 1, 0
i246ue-mg, 1, 0
i624yd-fn, 1, 0
i070qc-mn, 1, 0
i403xc-fn, 1, 0
i288vd-mn, 1, 0
i611zc-fn, 1, 0
i233ue-fn, 1, 0
i223ve-mn, 1, 0
i447wd-fn, 1, 0
i212ue-fn, 1, 0
i291vd-fg, 1, 0
i035sd-mn, 1, 0
i053rd-fg, 1, 0
i057qb-fn, 1, 0
i434xb-fn, 1, 0
i298vb-fn, 1, 0
i041qa-mn, 1, 0
i008sc-mn, 1, 0
i082ra-mn, 1, 0
i294ud-mg, 0, 0
i304te-fg, 1, 0
i013ra-fn, 1, 0
i429xd-fn, 1, 0
i039qe-fn, 1, 0
i265va-fn, 1, 0
i217vc-fn, 1, 0
i202ud-fn, 1, 0
i283ub-fn, 1, 0
i215tc-mg, 1, 0
i265vd-fn, 1, 0
i001ra-mn, 1, 0
i614ye-fn, 1, 0
i255te-mn, 1, 0
i622ye-mn, 1, 0
i450xb-mn, 1, 0
i404xe-fn, 1, 0
i415wb-fn, 1, 0
i619ye-fg, 1, 0
i044re-mn, 1, 0
i028se-mg, 1, 0
i073se-mg, 1, 0
i292ta-fn, 1, 0
i442xd-mn, 1, 0
i012sd-mn, 1, 0
i083rb-mn, 1, 0
i220tb-fn, 1, 0
i263ue-mn, 1, 0
i011qc-mn, 1, 0
i242ve-mn, 1, 0
i027qe-mn, 1, 0
i604yc-fn, 1, 0
i262vd-fn, 1, 0
i229tc-mn, 1, 0
i240tb-mn, 1, 0
i237ue-fn, 1, 0
i226ub-fg, 1, 0
i025sd-mn, 1, 0
i059qc-mg, 1, 0
i418wd-fn, 1, 0
i298ue-fn, 1, 0
i404xd-fn, 1, 0
i268te-mn, 1, 0
i237ve-fn, 1, 0
i295vc-mg, 1, 0
i033rb-fn, 1, 0
i253ua-mg, 1, 0
i050sd-fg, 1, 0
i012qb-mn, 1, 0
i248vc-fn, 1, 0
i236td-fn, 1, 0
i287vb-mn, 1, 0
i202ve-fn, 1, 0
i237tb-fn, 1, 0
i246te-mg, 1, 0
i019sb-fn, 1, 0
i273vd-mn, 1, 0
i600ze-fn, 1, 0
i436wc-mn, 1, 0
i063qe-fn, 1, 0
i030qb-fg, 1, 0
i213tb-fn, 1, 0
i001rd-mn, 1, 0
i450xd-mn, 1, 0
i034ra-mg, 1, 0
i426xe-fn, 1, 0
i296tc-mg, 1, 0
i000ra-fn, 1, 0
i410xe-fn, 1, 0
i015sd-mn, 1, 0
i238ve-mn, 1, 0
i071ra-fn, 1, 0
i040sd-mn, 1, 0
i044qe-mn, 1, 0
i233vb-fn, 1, 0
i008ra-mn, 1, 0
i072qc-fn, 1, 0
i220vd-fn, 1, 0
i033re-fn, 1, 0
i050sb-fg, 1, 0
i077qb-fn, 1, 0
i289va-mg, 1, 0
i235ue-fn, 1, 0
i285td-fn, 1, 0
i407wc-mn, 1, 0
i432xd-fn, 1, 0
i299ue-mn, 1, 0
i087rb-fn, 1, 0
i435we-fn, 1, 0
i076rc-fn, 1, 0
i230va-mn, 1, 0
i020re-fg, 1, 0
i285ud-fn, 1, 0
i028sa-mg, 1, 0
i417we-mn, 1, 0
i442wa-mn, 1, 0
i601zc-fn, 1, 0
i288td-mn, 1, 0
i254uc-mn, 1, 0
i227vd-mn, 1, 0
i302td-fn, 1, 0
i201ta-mg, 1, 0
i079ra-mn, 1, 0
i006rc-mn, 1, 0
i284uc-fg, 1, 0
i017qa-mg, 1, 0
i030qc-fg, 1, 0
i019qa-fn, 1, 0
i618zb-fg, 1, 0
i265ue-fn, 1, 0
i016sa-mn, 1, 0
i217vb-fn, 1, 0
i250tc-mn, 1, 0
i432xa-fn, 1, 0
i285ta-fn, 1, 0
i405xb-fn, 1, 0
i256tb-mn, 1, 0
i273te-mn, 1, 0
i070qb-mn, 1, 0
i019rc-fn, 1, 0
i215td-mg, 1, 0
i250ud-mn, 1, 0
i043sd-mn, 1, 0
i205ve-mn, 1, 0
i079qb-mn, 1, 0
i305ta-fg, 1, 0
i068qd-mn, 1, 0
i411wc-fn, 1, 0
i219vd-mn, 1, 0
i075re-mn, 1, 0
i267ub-mn, 1, 0
i070se-mn, 1, 0
i268ve-mn, 1, 0
i201uc-mg, 1, 0
i260tb-mn, 1, 0
i286ua-fn, 1, 0
i230tc-mn, 1, 0
i023qa-fn, 1, 0
i269tb-mn, 1, 0
i430xa-fn, 1, 0
i289te-mg, 1, 0
i088re-fn, 1, 0
i036se-mg, 1, 0
i001re-mn, 1, 0
i243td-mn, 1, 0
i263ud-mn, 1, 0
i429xc-fn, 1, 0
i294vb-mg, 1, 0
i063sd-fn, 1, 0
i614za-fn, 1, 0
i245ud-fn, 1, 0
i214ue-fn, 1, 0
i429xa-fn, 1, 0
i068sd-mn, 1, 0
i247vb-fn, 1, 0
i271vd-fg, 1, 0
i437xe-fn, 1, 0
i032se-fn, 1, 0
i229ub-mn, 1, 0
i226ve-fg, 1, 0
i221va-fg, 1, 0
i302ue-fn, 1, 0
i025sa-mn, 1, 0
i433xd-fn, 1, 0
i058sd-mn, 1, 0
i297ud-mn, 1, 0
i202uc-fn, 1, 0
i235ub-fn, 1, 0
i268ub-mn, 1, 0
i210ta-fn, 1, 0
i228ue-mg, 1, 0
i616zd-fn, 1, 0
i438xc-mn, 1, 0
i299tc-mn, 1, 0
i012qe-mn, 1, 0
i609ye-fg, 1, 0
i269ua-mn, 1, 0
i208ua-fn, 1, 0
i302va-fn, 1, 0
i425wa-mn, 1, 0
i423xa-mn, 1, 0
i227uc-mn, 1, 0
i067rd-fn, 1, 0
i076qa-fn, 1, 0
i078sc-fg, 1, 0
i248vb-fn, 1, 0
i081qb-mn, 1, 0
i299te-mn, 1, 0
i046se-fn, 1, 0
i028qd-mg, 1, 0
i424wc-fn, 1, 0
i205uc-mn, 1, 0
i030rc-fg, 1, 0
i440xb-mg, 1, 0
i033rd-fn, 1, 0
i082rb-mn, 1, 0
i029qc-fg, 1, 0
i044rd-mn, 1, 0
i226ue-fg, 1, 0
i244va-mn, 1, 0
i048rd-mn, 1, 0
i233ta-fn, 1, 0
i049se-mn, 1, 0
i305ua-fg, 1, 0
i089rd-mn, 1, 0
i427wd-fn, 1, 0
i401wb-fn, 1, 0
i266ue-fn, 1, 0
i206uc-mn, 1, 1
i055sa-mn, 1, 0
i210va-fn, 1, 0
i034qd-mg, 1, 0
i401wc-fn, 1, 0
i070rc-mn, 1, 0
i286ub-fn, 1, 0
i087ra-fn, 1, 0
i256vd-mn, 1, 0
i066qc-mn, 1, 0
i237ta-fn, 1, 0
i435wd-fn, 1, 0
i615zd-fn, 1, 0
i295ud-mg, 1, 0
i072rd-fn, 1, 0
i220ub-fn, 1, 0
i249tc-fn, 1, 0
i005qd-fn, 1, 0
i620yd-fn, 1, 0
i088qa-fn, 1, 0
i074qd-fn, 1, 0
i027qa-mn, 1, 0
i029qe-fg, 1, 0
i025qb-mn, 1, 0
i271te-fg, 1, 0
i203td-mn, 1, 0
i051qc-fn, 1, 0
i238ua-mn, 1, 0
i300vc-fn, 1, 0
i216td-fn, 1, 0
i025re-mn, 1, 0
i289ua-mg, 1, 0
i291ud-fg, 1, 0
i604zd-fn, 1, 0
i234ud-mg, 1, 0
i037sa-fn, 1, 0
i057qe-fn, 1, 0
i416xb-mn, 1, 0
i419wa-mn, 1, 0
i040rb-mn, 1, 0
i028re-mg, 1, 0
i016rc-mn, 1, 0
i060qc-mn, 1, 0
i078sd-fg, 1, 0
i413wc-fn, 1, 0
i604zc-fn, 1, 0
i229te-mn, 1, 0
i446wc-fn, 1, 0
i031qc-fn, 1, 0
i203tc-mn, 1, 0
i400wa-mn, 1, 0
i304uc-fg, 1, 0
i299vd-mn, 1, 0
i240uc-mn, 1, 0
i007qd-fn, 1, 0
i248vd-fn, 1, 0
i243ta-mn, 1, 0
i403wb-fn, 1, 0
i000rd-fn, 1, 0
i617zb-fn, 1, 0
i235ua-fn, 1, 0
i228ua-mg, 1, 0
i008rb-mn, 1, 0
i061re-fn, 1, 0
i213va-fn, 1, 0
i065rd-fn, 1, 0
i412xd-mn, 1, 0
i215ue-mg, 1, 0
i291td-fg, 1, 1
i062sc-fn, 1, 0
i052qb-mn, 1, 0
i405wb-fn, 1, 0
i270ub-mn, 1, 0
i296te-mg, 1, 0
i219ve-mn, 1, 0
i066qe-mn, 1, 0
i274vb-mn, 1, 0
i204uc-mn, 1, 0
i414xe-mn, 1, 0
i271ve-fg, 1, 0
i438xe-mn, 1, 0
i011qd-mn, 1, 0
i239vd-mn, 1, 0
i060rc-mn, 1, 0
i292vd-fn, 1, 0
i414wa-mn, 1, 0
i442we-mn, 1, 0
i420xa-mn, 1, 0
i242vb-mn, 1, 0
i620yc-fn, 1, 0
i298tb-fn, 1, 0
i051sc-fn, 1, 0
i441xe-fn, 1, 0
i439xa-mn, 1, 0
i077rc-fn, 1, 0
i273ud-mn, 1, 0
i614zd-fn, 1, 0
i088qd-fn, 1, 0
i069qa-fg, 1, 0
i600yb-fn, 1, 0
i053sa-fg, 1, 0
i058sb-mn, 1, 0
i618ye-fg, 1, 0
i621zd-fn, 1, 0
i307ud-mg, 1, 0
i617ya-fn, 1, 0
i084rc-mn, 1, 0
i282tc-fn, 1, 0
i449xe-fn, 1, 0
i261ue-mn, 1, 0
i275va-fg, 1, 0
i417wa-mn, 1, 0
i291uc-fg, 1, 0
i200tb-mg, 1, 0
i295vd-mg, 1, 0
i063qb-fn, 1, 0
i025rc-mn, 1, 0
i025rd-mn, 1, 0
i260vc-mn, 1, 0
i028sd-mg, 1, 0
i289vb-mg, 1, 0
i018re-fn, 1, 0
i081rb-mn, 1, 0
i036qe-mg, 1, 0
i421wb-fn, 1, 0
i021sc-fn, 1, 0
i435xc-fn, 1, 0
i067qb-fn, 1, 0
i610zd-fn, 1, 0
i037re-fn, 1, 0
i442xa-mn, 1, 0
i240ud-mn, 1, 0
i611yb-fn, 1, 0
i004qb-mn, 1, 0
i263va-mn, 1, 0
i232ue-mn, 1, 0
i024sc-fn, 1, 0
i041rc-mn, 1, 0
i043rd-mn, 1, 0
i419we-mn, 1, 0
i287ua-mn, 1, 0
i273uc-mn, 1, 0
i252ua-fn, 1, 0
i443we-mn, 1, 0
i607ye-fn, 1, 0
i250vd-mn, 1, 0
i273ta-mn, 1, 0
i019sa-fn, 1, 0
i298ud-fn, 1, 0
i018qb-fn, 1, 0
i039sa-fn, 1, 0
i084sb-mn, 1, 0
i034rb-mg, 1, 0
i612za-fn, 1, 0
i402wc-fn, 1, 0
i075rb-mn, 1, 0
i023sc-fn, 1, 0
i425wc-mn, 1, 0
i009qb-mn, 1, 0
i612ya-fn, 1, 0
i410xc-fn, 1, 0
i222ue-fn, 1, 0
i057se-fn, 1, 0
i255tb-mn, 1, 0
i080qa-fn, 1, 0
i293ue-fn, 1, 0
i045rc-mn, 1, 0
i047ra-mn, 1, 0
i212ub-fn, 1, 0
i610zb-fn, 1, 0
i224ve-mn, 1, 0
i006rb-mn, 1, 0
i020se-fg, 1, 0
i048rb-mn, 1, 0
i087se-fn, 1, 0
i220vc-fn, 1, 0
i403xb-fn, 1, 0
i254ta-mn, 1, 0
i283vc-fn, 1, 0
i011se-mn, 1, 0
i056qb-mn, 1, 0
i213te-fn, 1, 0
i298te-fn, 1, 0
i013se-fn, 1, 0
i040rc-mn, 1, 0
i602zd-mn, 1, 0
i264te-mn, 1, 0
i227tc-mn, 1, 0
i214tc-fn, 1, 0
i015ra-mn, 1, 0
i601za-fn, 1, 0
i603ye-fn, 1, 0
i607zd-fn, 1, 0
i004ra-mn, 1, 0
i059qe-mg, 1, 0
i425xb-mn, 1, 0
i301vb-fg, 1, 0
i252td-fn, 1, 0
i611zb-fn, 1, 0
i624zd-fn, 1, 0
i209ue-fn, 1, 0
i229ud-mn, 1, 0
i085sc-mg, 1, 0
i054qa-mg, 1, 0
i084qe-mn, 1, 0
i213ta-fn, 1, 0
i073sd-mg, 1, 0
i201tc-mg, 1, 0
i011re-mn, 1, 0
i245tb-fn, 1, 0
i302uc-fn, 1, 0
i417xe-mn, 1, 0
i608ye-fn, 1, 0
i036qc-mg, 1, 0
i232te-mn, 1, 0
i289td-mg, 1, 0
i428xa-fn, 1, 0
i302ub-fn, 1, 0
i061rb-fn, 1, 0
i066sb-mn, 1, 0
i426wd-fn, 1, 0
i040sb-mn, 1, 0
i221te-fg, 1, 0
i052qd-mn, 1, 0
i072rc-fn, 1, 0
i213ue-fn, 1, 0
i085rb-mg, 1, 0
i602za-mn, 1, 0
i270vd-mn, 1, 0
i619za-fg, 1, 0
i233ua-fn, 1, 0
i086rb-fn, 1, 0
i257tb-mn, 1, 0
i441we-fn, 1, 0
i296vd-mg, 1, 0
i055qc-mn, 1, 0
i429wd-fn, 1, 0
i441xb-fn, 1, 0
i612yc-fn, 1, 0
i261ua-mn, 1, 0
i439xb-mn, 1, 0
i074sa-fn, 1, 0
i263uc-mn, 1, 0
i078rc-fg, 1, 0
i031rc-fn, 1, 0
i005re-fn, 1, 0
i432wc-fn, 1, 0
i018sd-fn, 1, 0
i255ta-mn, 1, 0
i243ve-mn, 1, 0
i203ue-mn, 1, 0
i088sa-fn, 1, 0
i270ue-mn, 1, 0
i053re-fg, 1, 0
i301tc-fg, 1, 0
i227va-mn, 1, 0
i449wc-fn, 1, 0
i609zb-fg, 1, 0
i082sd-mn, 1, 0
i258te-mn, 1, 0
i029sb-fg, 1, 0
i079sb-mn, 1, 0
i299uc-mn, 1, 0
i304ve-fg, 1, 0
i404wb-fn, 1, 0
i283uc-fn, 1, 0
i066ra-mn, 1, 0
i001qc-mn, 1, 0
i244uc-mn, 1, 0
i018rb-fn, 1, 0
i224vd-mn, 1, 0
i297vc-mn, 1, 0
i277uc-mg, 1, 0
i066sd-mn, 1, 0
i282ua-fn, 1, 0
i021re-fn, 1, 0
i216ve-fn, 1, 0
i290ue-mn, 1, 0
i085qb-mg, 1, 0
i224vc-mn, 1, 0
i439xe-mn, 1, 0
i005rc-fn, 1, 0
i047re-mn, 1, 0
i438wc-mn, 1, 0
i304vb-fg, 1, 0
i065qd-fn, 1, 0
i305ud-fg, 1, 0
i205ta-mn, 1, 0
i260ue-mn, 1, 0
i000qc-fn, 1, 0
i246ta-mg, 1, 0
i229uc-mn, 1, 0
i030ra-fg, 1, 0
i013qb-fn, 1, 0
i288tc-mn, 1, 0
i274ua-mn, 1, 0
i089ra-mn, 1, 0
i446we-fn, 1, 0
i275ta-fg, 1, 0
i213ub-fn, 1, 0
i269td-mn, 1, 0
i612ze-fn, 1, 0
i065rb-fn, 1, 0
i297tb-mn, 1, 0
i302ua-fn, 1, 0
i002qd-mn, 1, 0
i603zb-fn, 1, 0
i044qb-mn, 1, 0
i305tc-fg, 1, 0
i441xa-fn, 1, 0
i449wb-fn, 1, 0
i252vd-fn, 1, 0
i255va-mn, 1, 0
i235tc-fn, 1, 0
i231ua-mn, 1, 0
i016qe-mn, 1, 0
i065qc-fn, 1, 0
i049re-mn, 1, 0
i061qb-fn, 1, 0
i024qb-fn, 1, 0
i294ub-mg, 1, 0
i050qc-fg, 1, 0
i225vd-mn, 1, 0
i001qe-mn, 1, 0
i065sd-fn, 1, 0
i435xd-fn, 1, 0
i017qd-mg, 1, 0
i029rd-fg, 1, 0
i000qa-fn, 1, 0
i298va-fn, 1, 0
i304tb-fg, 1, 0
i002sa-mn, 1, 0
i296ue-mg, 1, 0
i073sc-mg, 1, 0
i002rb-mn, 1, 0
i608ya-fn, 1, 0
i408we-mn, 1, 0
i033sa-fn, 1, 0
i217va-fn, 1, 0
i286va-fn, 1, 0
i616zc-fn, 1, 0
i078sa-fg, 1, 0
i447xd-fn, 1, 0
i242tb-mn, 1, 0
i031qe-fn, 1, 0
i207ub-fn, 1, 0
i074rc-fn, 1, 0
i402xe-fn, 1, 0
i077qc-fn, 1, 0
i231vb-mn, 1, 0
i253uc-mg, 1, 0
i001rc-mn, 1, 0
i033se-fn, 1, 0
i024qc-fn, 1, 0
i068qc-mn, 1, 0
i449xc-fn, 1, 0
i423wc-mn, 1, 0
i022se-fn, 1, 0
i006sa-mn, 1, 0
i241uc-mn, 1, 0
i078sb-fg, 1, 0
i013sd-fn, 1, 0
i408wb-mn, 1, 0
i053sc-fg, 1, 0
i256ta-mn, 1, 0
i267ud-mn, 1, 0
i015re-mn, 1, 0
i036sd-mg, 1, 0
i601zd-fn, 1, 0
i015sc-mn, 1, 0
i436xd-mn, 1, 0
i038qa-mn, 1, 0
i043ra-mn, 1, 0
i272te-fg, 1, 0
i402we-fn, 1, 0
i201vc-mg, 1, 0
i007sb-fn, 1, 0
i211ua-fn, 1, 0
i277vc-mg, 1, 0
i029rb-fg, 1, 0
i038sb-mn, 1, 0
i088qc-fn, 1, 0
i299td-mn, 1, 0
i239vb-mn, 1, 0
i264ta-mn, 1, 0
i448wc-fn, 1, 0
i232vc-mn, 1, 0
i206ua-mn, 1, 0
i003rc-fn, 1, 0
i443wc-mn, 1, 0
i084ra-mn, 1, 0
i262ud-fn, 1, 0
i213vd-fn, 1, 0
i301vd-fg, 1, 0
i258vd-mn, 1, 0
i036qa-mg, 1, 0
i262ta-fn, 1, 0
i073rd-mg, 1, 0
i261va-mn, 1, 0
i017qb-mg, 1, 0
i039se-fn, 1, 0
i026rb-fn, 1, 0
i256vb-mn, 1, 0
i224ud-mn, 1, 0
i615yd-fn, 1, 0
i430xb-fn, 1, 0
i432wb-fn, 1, 0
i255ue-mn, 1, 0
i043sa-mn, 1, 0
i243ud-mn, 1, 0
i247va-fn, 1, 0
i011sa-mn, 1, 0
i026rc-fn, 1, 0
i022rc-fn, 1, 0
i232ud-mn, 1, 0
i223ud-mn, 1, 0
i027qb-mn, 1, 0
i059sb-mg, 1, 0
i275ue-fg, 1, 0
i006qe-mn, 1, 0
i073sa-mg, 1, 0
i037qc-fn, 1, 0
i048qb-mn, 1, 0
i447wc-fn, 1, 0
i245ta-fn, 1, 0
i024ra-fn, 1, 0
i298uc-fn, 1, 0
i426we-fn, 1, 0
i058re-mn, 1, 0
i036rd-mg, 1, 0
i248va-fn, 1, 0
i241te-mn, 1, 0
i296ub-mg, 1, 0
i266tb-fn, 1, 0
i296ud-mg, 1, 0
i241ue-mn, 1, 0
i210ve-fn, 1, 0
i061se-fn, 1, 0
i224ua-mn, 1, 0
i011rd-mn, 1, 0
i603yb-fn, 1, 0
i253ub-mg, 1, 0
i235vb-fn, 1, 0
i296ua-mg, 1, 0
i406xe-mn, 1, 0
i624yc-fn, 1, 0
i213ve-fn, 1, 0
i286uc-fn, 1, 0
i011qa-mn, 1, 0
i420wc-mn, 1, 0
i050sc-fg, 1, 0
i256va-mn, 1, 0
i409xb-fg, 1, 0
i078rd-fg, 1, 0
i400xb-mn, 1, 0
i254ue-mn, 1, 0
i018qc-fn, 1, 0
i071qa-fn, 1, 0
i067rc-fn, 1, 0
i208va-fn, 1, 0
i085sa-mg, 1, 0
i072sb-fn, 1, 0
i041sa-mn, 1, 0
i253vb-mg, 1, 0
i238ub-mn, 1, 0
i214ud-fn, 1, 0
i257vb-mn, 1, 0
i411we-fn, 1, 0
i243vc-mn, 1, 0
i447xa-fn, 1, 0
i623ya-mn, 1, 0
i083sa-mn, 1, 0
i287ub-mn, 1, 0
i211vc-fn, 1, 0
i048qc-mn, 1, 0
i203te-mn, 1, 0
i005qa-fn, 1, 0
i057rc-fn, 1, 0
i425we-mn, 1, 0
i242vc-mn, 1, 0
i281ue-fn, 1, 0
i425wb-mn, 1, 0
i615ze-fn, 1, 0
i045ra-mn, 1, 0
i436xa-mn, 1, 0
i065se-fn, 1, 0
i296ta-mg, 1, 0
i256uc-mn, 1, 0
i252uc-fn, 1, 0
i207ud-fn, 1, 0
i086qe-fn, 1, 0
i012sc-mn, 1, 0
i021qd-fn, 1, 0
i031se-fn, 1, 0
i083qb-mn, 1, 0
i302ud-fn, 1, 0
i013rc-fn, 1, 0
i231va-mn, 1, 0
i269ub-mn, 1, 0
i429wa-fn, 1, 0
i300ve-fn, 1, 0
i607ya-fn, 1, 0
i623yc-mn, 1, 0
i413we-fn, 1, 0
i254tc-mn, 1, 0
i290uc-mn, 1, 0
i404we-fn, 1, 0
i061rd-fn, 1, 0
i229vc-mn, 1, 0
i054sc-mg, 1, 0
i286ve-fn, 1, 0
i038ra-mn, 1, 0
i050re-fg, 1, 0
i080ra-fn, 1, 0
i607zb-fn, 1, 0
i620zd-fn, 1, 0
i090sb-mn, 1, 0
i018sb-fn, 1, 0
i047sb-mn, 1, 0
i307ua-mg, 1, 0
i285vb-fn, 1, 0
i201ud-mg, 1, 0
i241vd-mn, 1, 0
i204te-mn, 1, 0
i213ud-fn, 1, 0
i020sd-fg, 1, 0
i248ue-fn, 1, 0
i609yb-fg, 1, 0
i303ta-fg, 1, 0
i077rb-fn, 1, 0
i277ud-mg, 1, 0
i042qe-fn, 1, 0
i026sd-fn, 1, 0
i256ve-mn, 1, 0
i451xb-mg, 1, 0
i231te-mn, 1, 0
i239td-mn, 1, 0
i444we-fn, 1, 0
i204ud-mn, 1, 0
i404wa-fn, 1, 0
i206ue-mn, 1, 0
i063ra-fn, 1, 0
i077ra-fn, 1, 0
i306ud-fg, 1, 0
i615zc-fn, 1, 0
i409wd-fg, 1, 0
i007se-fn, 1, 0
i251ua-mn, 1, 0
i200uc-mg, 1, 0
i265ud-fn, 1, 0
i414we-mn, 1, 0
i603ze-fn, 1, 0
i050rb-fg, 1, 0
i008qc-mn, 1, 0
i264ub-mn, 1, 0
i010sd-mn, 1, 0
i035qd-mn, 1, 0
i428xc-fn, 1, 0
i221tc-fg, 1, 0
i207tb-fn, 1, 0
i061ra-fn, 1, 0
i015rb-mn, 1, 0
i206tb-mn, 1, 0
i221ta-fg, 1, 0
i060qb-mn, 1, 0
i003rd-fn, 1, 0
i407wb-mn, 1, 0
i274uc-mn, 1, 0
i224uc-mn, 1, 0
i288ue-mn, 1, 0
i603yc-fn, 1, 0
i036sb-mg, 1, 0
i080rb-fn, 1, 0
i250ve-mn, 1, 0
i439xc-mn, 1, 0
i054sd-mg, 1, 0
i217uc-fn, 1, 0
i062qc-fn, 1, 0
i434wd-fn, 1, 0
i422xa-fn, 1, 0
i243ua-mn, 1, 0
i284tb-fg, 1, 0
i029qb-fg, 1, 0
i434xd-fn, 1, 0
i605ya-fn, 1, 0
i251te-mn, 1, 0
i304vc-fg, 1, 0
i065qe-fn, 1, 0
i260vb-mn, 1, 0
i004qd-mn, 1, 0
i420xb-mn, 1, 0
i288vb-mn, 1, 0
i441wb-fn, 1, 0
i302vd-fn, 1, 0
i078se-fg, 1, 0
i064qd-mn, 1, 0
i029qa-fg, 1, 0
i058qa-mn, 1, 0
i202vb-fn, 1, 0
i228te-mg, 1, 0
i295te-mg, 1, 0
i412xb-mn, 1, 0
i297ve-mn, 1, 0
i075sd-mn, 1, 0
i013sb-fn, 1, 0
i289uc-mg, 1, 0
i090se-mn, 1, 0
i235vd-fn, 1, 0
i418xc-fn, 1, 0
i601ze-fn, 1, 0
i272ud-fg, 1, 0
i288ta-mn, 1, 0
i012rd-mn, 1, 0
i034qa-mg, 1, 0
i082qa-mn, 1, 0
i045se-mn, 1, 0
i037qd-fn, 1, 0
i278tb-mn, 1, 0
i286tb-fn, 1, 0
i003qa-fn, 1, 0
i411xe-fn, 1, 0
i280ud-mn, 1, 0
i201vb-mg, 1, 0
i258ta-mn, 1, 0
i209td-fn, 1, 0
i070rd-mn, 1, 0
i261vd-mn, 1, 0
i295va-mg, 1, 0
i244ua-mn, 1, 0
i426wc-fn, 1, 0
i211tc-fn, 1, 0
i026sa-fn, 1, 0
i076ra-fn, 1, 0
i200ve-mg, 1, 0
i047sc-mn, 1, 0
i296va-mg, 1, 0
i400xc-mn, 1, 0
i419wb-mn, 1, 0
i234vd-mg, 1, 0
i285tc-fn, 1, 0
i447wa-fn, 1, 0
i255vd-mn, 1, 0
i275tb-fg, 1, 0
i278tc-mn, 1, 0
i035qc-mn, 1, 0
i262ub-fn, 1, 0
i255tc-mn, 1, 0
i449wa-fn, 1, 0
i050rd-fg, 1, 0
i216vd-fn, 1, 0
i402xb-fn, 1, 0
i084rb-mn, 1, 0
i020sb-fg, 1, 0
i246va-mg, 1, 0
i306ue-fg, 1, 0
i256td-mn, 1, 0
i027rd-mn, 1, 0
i211uc-fn, 1, 0
i257va-mn, 1, 0
i207ue-fn, 1, 0
i283ua-fn, 1, 0
i401xb-fn, 1, 0
i227tb-mn, 1, 0
i018rc-fn, 1, 0
i037sb-fn, 1, 0
i275vb-fg, 1, 0
i037qa-fn, 1, 0
i251va-mn, 1, 0
i002qe-mn, 1, 0
i242uc-mn, 1, 0
i222vd-fn, 1, 0
i015sa-mn, 1, 0
i601yb-fn, 1, 0
i073re-mg, 1, 0
i252ub-fn, 1, 0
i411wd-fn, 1, 0
i412wd-mn, 1, 0
i005qe-fn, 1, 0
i083qd-mn, 1, 0
i220ud-fn, 1, 0
i210ua-fn, 1, 0
i214ub-fn, 1, 0
i012ra-mn, 1, 0
i430we-fn, 1, 0
i208vb-fn, 1, 0
i298tc-fn, 1, 0
i619yb-fg, 1, 0
i054sa-mg, 1, 0
i247td-fn, 1, 0
i079rb-mn, 1, 0
i012qa-mn, 1, 0
i044sc-mn, 1, 0
i038qc-mn, 1, 0
i257vc-mn, 1, 0
i299ua-mn, 1, 0
i055re-mn, 1, 0
i431xb-fn, 1, 0
i265td-fn, 1, 0
i612zd-fn, 1, 0
i201ua-mg, 1, 0
i082qb-mn, 1, 0
i292td-fn, 1, 0
i615yb-fn, 1, 0
i216vb-fn, 1, 0
i024qe-fn, 1, 0
i436we-mn, 1, 0
i056sb-mn, 1, 0
i247ue-fn, 1, 0
i044sa-mn, 1, 0
i047qc-mn, 1, 0
i009rb-mn, 1, 0
i600yd-fn, 1, 0
i440we-mg, 1, 0
i075qe-mn, 1, 0
i236ua-fn, 1, 0
i280ua-mn, 1, 0
i027sd-mn, 1, 0
